599,1,GPA:<2,0
599,2,GPA:2 to 3,0
599,3,GPA:2 to 3,0
599,4,GPA:2 to 3,0
599,5,GPA:2 to 3,0
599,6,GPA:2 to 3,0
599,7,GPA:2 to 3,0
599,8,GPA:2 to 3,0
599,9,GPA:2 to 3,0
599,10,GPA:2 to 3,0
599,11,GPA:2 to 3,0
599,12,Dropouts,1
600,1,GPA:<2,0
600,2,GPA:2 to 3,0
600,3,GPA:2 to 3,0
600,4,GPA:2 to 3,0
600,5,GPA:2 to 3,0
600,6,GPA:2 to 3,0
600,7,GPA:2 to 3,0
600,8,GPA:2 to 3,0
600,9,GPA:2 to 3,0
600,10,GPA:2 to 3,0
600,11,GPA:2 to 3,0
600,12,Grad,3
601,1,GPA:<2,0
601,2,GPA:2 to 3,0
601,3,GPA:2 to 3,0
601,4,GPA:2 to 3,0
601,5,GPA:2 to 3,0
601,6,GPA:2 to 3,0
601,7,GPA:2 to 3,0
601,8,GPA:2 to 3,0
601,9,GPA:2 to 3,0
601,10,GPA:2 to 3,0
601,11,GPA:2 to 3,0
601,12,Still Enroll,6
602,1,GPA:<2,0
602,2,GPA:2 to 3,0
602,3,GPA:2 to 3,0
602,4,GPA:2 to 3,0
602,5,GPA:2 to 3,0
602,6,GPA:2 to 3,0
602,7,GPA:2 to 3,0
602,8,GPA:2 to 3,0
602,9,GPA:2 to 3,0
602,10,GPA:2 to 3,0
602,11,Dropouts,1
603,1,GPA:<2,0
603,2,GPA:2 to 3,0
603,3,GPA:2 to 3,0
603,4,GPA:2 to 3,0
603,5,GPA:2 to 3,0
603,6,GPA:2 to 3,0
603,7,GPA:2 to 3,0
603,8,GPA:2 to 3,0
603,9,GPA:2 to 3,0
603,10,GPA:2 to 3,0
603,11,Grad,10
604,1,GPA:<2,0
604,2,GPA:2 to 3,0
604,3,GPA:2 to 3,0
604,4,GPA:2 to 3,0
604,5,GPA:2 to 3,0
604,6,GPA:2 to 3,0
604,7,GPA:2 to 3,0
604,8,GPA:2 to 3,0
604,9,GPA:2 to 3,0
604,10,GPA:2 to 3,0
604,11,Not Enroll,0
604,12,Dropouts,2
605,1,GPA:<2,0
605,2,GPA:2 to 3,0
605,3,GPA:2 to 3,0
605,4,GPA:2 to 3,0
605,5,GPA:2 to 3,0
605,6,GPA:2 to 3,0
605,7,GPA:2 to 3,0
605,8,GPA:2 to 3,0
605,9,GPA:2 to 3,0
605,10,GPA:2 to 3,0
605,11,Not Enroll,0
605,12,Still Enroll,3
606,1,GPA:<2,0
606,2,GPA:2 to 3,0
606,3,GPA:2 to 3,0
606,4,GPA:2 to 3,0
606,5,GPA:2 to 3,0
606,6,GPA:2 to 3,0
606,7,GPA:2 to 3,0
606,8,GPA:2 to 3,0
606,9,GPA:2 to 3,0
606,10,Dropouts,2
607,1,GPA:<2,0
607,2,GPA:2 to 3,0
607,3,GPA:2 to 3,0
607,4,GPA:2 to 3,0
607,5,GPA:2 to 3,0
607,6,GPA:2 to 3,0
607,7,GPA:2 to 3,0
607,8,GPA:2 to 3,0
607,9,GPA:2 to 3,0
607,10,Grad,13
608,1,GPA:<2,0
608,2,GPA:2 to 3,0
608,3,GPA:2 to 3,0
608,4,GPA:2 to 3,0
608,5,GPA:2 to 3,0
608,6,GPA:2 to 3,0
608,7,GPA:2 to 3,0
608,8,GPA:2 to 3,0
608,9,GPA:2 to 3,0
608,10,Not Enroll,0
608,11,Grad,1
609,1,GPA:<2,0
609,2,GPA:2 to 3,0
609,3,GPA:2 to 3,0
609,4,GPA:2 to 3,0
609,5,GPA:2 to 3,0
609,6,GPA:2 to 3,0
609,7,GPA:2 to 3,0
609,8,GPA:2 to 3,0
609,9,GPA:<2,0
609,10,GPA:2 to 3,0
609,11,GPA:2 to 3,0
609,12,Still Enroll,1
610,1,GPA:<2,0
610,2,GPA:2 to 3,0
610,3,GPA:2 to 3,0
610,4,GPA:2 to 3,0
610,5,GPA:2 to 3,0
610,6,GPA:2 to 3,0
610,7,GPA:2 to 3,0
610,8,GPA:2 to 3,0
610,9,GPA:>3,0
610,10,Not Enroll,0
610,11,Grad,1
611,1,GPA:<2,0
611,2,GPA:2 to 3,0
611,3,GPA:2 to 3,0
611,4,GPA:2 to 3,0
611,5,GPA:2 to 3,0
611,6,GPA:2 to 3,0
611,7,GPA:2 to 3,0
611,8,GPA:2 to 3,0
611,9,Grad,30
612,1,GPA:<2,0
612,2,GPA:2 to 3,0
612,3,GPA:2 to 3,0
612,4,GPA:2 to 3,0
612,5,GPA:2 to 3,0
612,6,GPA:2 to 3,0
612,7,GPA:2 to 3,0
612,8,GPA:2 to 3,0
612,9,Not Enroll,0
612,10,Not Enroll,0
612,11,Not Enroll,0
612,12,Still Enroll,1
613,1,GPA:<2,0
613,2,GPA:2 to 3,0
613,3,GPA:2 to 3,0
613,4,GPA:2 to 3,0
613,5,GPA:2 to 3,0
613,6,GPA:2 to 3,0
613,7,GPA:2 to 3,0
613,8,GPA:>3,0
613,9,GPA:>3,0
613,10,Grad,1
614,1,GPA:<2,0
614,2,GPA:2 to 3,0
614,3,GPA:2 to 3,0
614,4,GPA:2 to 3,0
614,5,GPA:2 to 3,0
614,6,GPA:2 to 3,0
614,7,GPA:2 to 3,0
614,8,GPA:>3,0
614,9,Grad,2
615,1,GPA:<2,0
615,2,GPA:2 to 3,0
615,3,GPA:2 to 3,0
615,4,GPA:2 to 3,0
615,5,GPA:2 to 3,0
615,6,GPA:2 to 3,0
615,7,GPA:2 to 3,0
615,8,Dropouts,4
616,1,GPA:<2,0
616,2,GPA:2 to 3,0
616,3,GPA:2 to 3,0
616,4,GPA:2 to 3,0
616,5,GPA:2 to 3,0
616,6,GPA:2 to 3,0
616,7,GPA:2 to 3,0
616,8,Grad,12
617,1,GPA:<2,0
617,2,GPA:2 to 3,0
617,3,GPA:2 to 3,0
617,4,GPA:2 to 3,0
617,5,GPA:2 to 3,0
617,6,GPA:2 to 3,0
617,7,GPA:2 to 3,0
617,8,Not Enroll,0
617,9,GPA:2 to 3,0
617,10,GPA:2 to 3,0
617,11,Not Enroll,0
617,12,Still Enroll,1
618,1,GPA:<2,0
618,2,GPA:2 to 3,0
618,3,GPA:2 to 3,0
618,4,GPA:2 to 3,0
618,5,GPA:2 to 3,0
618,6,GPA:2 to 3,0
618,7,GPA:<2,0
618,8,GPA:<2,0
618,9,Not Enroll,0
618,10,Not Enroll,0
618,11,GPA:2 to 3,0
618,12,Still Enroll,1
619,1,GPA:<2,0
619,2,GPA:2 to 3,0
619,3,GPA:2 to 3,0
619,4,GPA:2 to 3,0
619,5,GPA:2 to 3,0
619,6,GPA:2 to 3,0
619,7,GPA:>3,0
619,8,GPA:>3,0
619,9,GPA:>3,0
619,10,GPA:>3,0
619,11,Grad,1
620,1,GPA:<2,0
620,2,GPA:2 to 3,0
620,3,GPA:2 to 3,0
620,4,GPA:2 to 3,0
620,5,GPA:2 to 3,0
620,6,GPA:2 to 3,0
620,7,GPA:>3,0
620,8,GPA:>3,0
620,9,GPA:>3,0
620,10,Grad,1
621,1,GPA:<2,0
621,2,GPA:2 to 3,0
621,3,GPA:2 to 3,0
621,4,GPA:2 to 3,0
621,5,GPA:2 to 3,0
621,6,GPA:2 to 3,0
621,7,GPA:>3,0
621,8,Grad,1
622,1,GPA:<2,0
622,2,GPA:2 to 3,0
622,3,GPA:2 to 3,0
622,4,GPA:2 to 3,0
622,5,GPA:2 to 3,0
622,6,GPA:2 to 3,0
622,7,Dropouts,1
623,1,GPA:<2,0
623,2,GPA:2 to 3,0
623,3,GPA:2 to 3,0
623,4,GPA:2 to 3,0
623,5,GPA:2 to 3,0
623,6,GPA:2 to 3,0
623,7,Grad,1
624,1,GPA:<2,0
624,2,GPA:2 to 3,0
624,3,GPA:2 to 3,0
624,4,GPA:2 to 3,0
624,5,GPA:2 to 3,0
624,6,GPA:<2,0
624,7,GPA:2 to 3,0
624,8,GPA:2 to 3,0
624,9,GPA:2 to 3,0
624,10,GPA:2 to 3,0
624,11,GPA:2 to 3,0
624,12,Still Enroll,1
625,1,GPA:<2,0
625,2,GPA:2 to 3,0
625,3,GPA:2 to 3,0
625,4,GPA:2 to 3,0
625,5,GPA:2 to 3,0
625,6,GPA:<2,0
625,7,GPA:2 to 3,0
625,8,GPA:2 to 3,0
625,9,Grad,1
626,1,GPA:<2,0
626,2,GPA:2 to 3,0
626,3,GPA:2 to 3,0
626,4,GPA:2 to 3,0
626,5,GPA:2 to 3,0
626,6,GPA:>3,0
626,7,GPA:>3,0
626,8,GPA:2 to 3,0
626,9,GPA:2 to 3,0
626,10,Dropouts,1
627,1,GPA:<2,0
627,2,GPA:2 to 3,0
627,3,GPA:2 to 3,0
627,4,GPA:2 to 3,0
627,5,GPA:2 to 3,0
627,6,GPA:>3,0
627,7,GPA:>3,0
627,8,GPA:>3,0
627,9,Grad,1
628,1,GPA:<2,0
628,2,GPA:2 to 3,0
628,3,GPA:2 to 3,0
628,4,GPA:2 to 3,0
628,5,GPA:2 to 3,0
628,6,GPA:>3,0
628,7,GPA:>3,0
628,8,Grad,2
629,1,GPA:<2,0
629,2,GPA:2 to 3,0
629,3,GPA:2 to 3,0
629,4,GPA:2 to 3,0
629,5,GPA:2 to 3,0
629,6,GPA:>3,0
629,7,Grad,1
630,1,GPA:<2,0
630,2,GPA:2 to 3,0
630,3,GPA:2 to 3,0
630,4,GPA:2 to 3,0
630,5,GPA:2 to 3,0
630,6,Dropouts,2
631,1,GPA:<2,0
631,2,GPA:2 to 3,0
631,3,GPA:2 to 3,0
631,4,GPA:2 to 3,0
631,5,GPA:2 to 3,0
631,6,Not Enroll,0
631,7,GPA:2 to 3,0
631,8,GPA:2 to 3,0
631,9,Grad,1
632,1,GPA:<2,0
632,2,GPA:2 to 3,0
632,3,GPA:2 to 3,0
632,4,GPA:2 to 3,0
632,5,GPA:2 to 3,0
632,6,Not Enroll,0
632,7,GPA:<2,0
632,8,GPA:<2,0
632,9,GPA:<2,0
632,10,Not Enroll,0
632,11,Not Enroll,0
632,12,Still Enroll,1
633,1,GPA:<2,0
633,2,GPA:2 to 3,0
633,3,GPA:2 to 3,0
633,4,GPA:2 to 3,0
633,5,GPA:<2,0
633,6,GPA:2 to 3,0
633,7,GPA:2 to 3,0
633,8,GPA:2 to 3,0
633,9,GPA:2 to 3,0
633,10,GPA:2 to 3,0
633,11,Grad,1
634,1,GPA:<2,0
634,2,GPA:2 to 3,0
634,3,GPA:2 to 3,0
634,4,GPA:2 to 3,0
634,5,GPA:<2,0
634,6,GPA:<2,0
634,7,Not Enroll,0
634,8,GPA:2 to 3,0
634,9,GPA:2 to 3,0
634,10,Not Enroll,0
634,11,Not Enroll,0
634,12,Still Enroll,1
635,1,GPA:<2,0
635,2,GPA:2 to 3,0
635,3,GPA:2 to 3,0
635,4,GPA:2 to 3,0
635,5,GPA:<2,0
635,6,Dropouts,1
636,1,GPA:<2,0
636,2,GPA:2 to 3,0
636,3,GPA:2 to 3,0
636,4,GPA:2 to 3,0
636,5,GPA:>3,0
636,6,GPA:>3,0
636,7,GPA:>3,0
636,8,GPA:2 to 3,0
636,9,Grad,1
637,1,GPA:<2,0
637,2,GPA:2 to 3,0
637,3,GPA:2 to 3,0
637,4,GPA:2 to 3,0
637,5,GPA:>3,0
637,6,GPA:>3,0
637,7,GPA:>3,0
637,8,GPA:>3,0
637,9,GPA:>3,0
637,10,GPA:>3,0
637,11,Grad,1
638,1,GPA:<2,0
638,2,GPA:2 to 3,0
638,3,GPA:2 to 3,0
638,4,GPA:2 to 3,0
638,5,GPA:>3,0
638,6,GPA:>3,0
638,7,GPA:>3,0
638,8,GPA:>3,0
638,9,GPA:>3,0
638,10,Grad,3
639,1,GPA:<2,0
639,2,GPA:2 to 3,0
639,3,GPA:2 to 3,0
639,4,GPA:2 to 3,0
639,5,GPA:>3,0
639,6,GPA:>3,0
639,7,GPA:>3,0
639,8,GPA:>3,0
639,9,Grad,1
640,1,GPA:<2,0
640,2,GPA:2 to 3,0
640,3,GPA:2 to 3,0
640,4,GPA:2 to 3,0
640,5,GPA:>3,0
640,6,GPA:>3,0
640,7,GPA:>3,0
640,8,Grad,7
641,1,GPA:<2,0
641,2,GPA:2 to 3,0
641,3,GPA:2 to 3,0
641,4,GPA:2 to 3,0
641,5,Dropouts,2
642,1,GPA:<2,0
642,2,GPA:2 to 3,0
642,3,GPA:2 to 3,0
642,4,GPA:2 to 3,0
642,5,Not Enroll,0
642,6,GPA:2 to 3,0
642,7,GPA:2 to 3,0
642,8,GPA:2 to 3,0
642,9,GPA:2 to 3,0
642,10,GPA:2 to 3,0
642,11,GPA:2 to 3,0
642,12,Grad,1
643,1,GPA:<2,0
643,2,GPA:2 to 3,0
643,3,GPA:2 to 3,0
643,4,GPA:2 to 3,0
643,5,Not Enroll,0
643,6,GPA:2 to 3,0
643,7,GPA:2 to 3,0
643,8,GPA:2 to 3,0
643,9,GPA:2 to 3,0
643,10,GPA:2 to 3,0
643,11,Not Enroll,0
643,12,Grad,1
644,1,GPA:<2,0
644,2,GPA:2 to 3,0
644,3,GPA:2 to 3,0
644,4,GPA:2 to 3,0
644,5,Not Enroll,0
644,6,GPA:2 to 3,0
644,7,GPA:2 to 3,0
644,8,GPA:2 to 3,0
644,9,GPA:<2,0
644,10,Dropouts,1
645,1,GPA:<2,0
645,2,GPA:2 to 3,0
645,3,GPA:2 to 3,0
645,4,GPA:2 to 3,0
645,5,Not Enroll,0
645,6,Not Enroll,0
645,7,Not Enroll,0
645,8,Not Enroll,0
645,9,GPA:2 to 3,0
645,10,GPA:<2,0
645,11,GPA:2 to 3,0
645,12,Still Enroll,1
646,1,GPA:<2,0
646,2,GPA:2 to 3,0
646,3,GPA:2 to 3,0
646,4,GPA:<2,0
646,5,GPA:2 to 3,0
646,6,GPA:2 to 3,0
646,7,GPA:2 to 3,0
646,8,GPA:2 to 3,0
646,9,GPA:2 to 3,0
646,10,GPA:2 to 3,0
646,11,Grad,1
647,1,GPA:<2,0
647,2,GPA:2 to 3,0
647,3,GPA:2 to 3,0
647,4,GPA:<2,0
647,5,GPA:2 to 3,0
647,6,GPA:2 to 3,0
647,7,GPA:2 to 3,0
647,8,GPA:2 to 3,0
647,9,GPA:2 to 3,0
647,10,GPA:2 to 3,0
647,11,Not Enroll,0
647,12,Still Enroll,1
648,1,GPA:<2,0
648,2,GPA:2 to 3,0
648,3,GPA:2 to 3,0
648,4,GPA:<2,0
648,5,GPA:2 to 3,0
648,6,GPA:2 to 3,0
648,7,GPA:2 to 3,0
648,8,GPA:2 to 3,0
648,9,GPA:2 to 3,0
648,10,Dropouts,1
649,1,GPA:<2,0
649,2,GPA:2 to 3,0
649,3,GPA:2 to 3,0
649,4,GPA:<2,0
649,5,GPA:2 to 3,0
649,6,GPA:2 to 3,0
649,7,GPA:<2,0
649,8,Dropouts,1
650,1,GPA:<2,0
650,2,GPA:2 to 3,0
650,3,GPA:2 to 3,0
650,4,GPA:<2,0
650,5,GPA:<2,0
650,6,GPA:<2,0
650,7,GPA:2 to 3,0
650,8,GPA:2 to 3,0
650,9,Grad,1
651,1,GPA:<2,0
651,2,GPA:2 to 3,0
651,3,GPA:2 to 3,0
651,4,GPA:<2,0
651,5,GPA:<2,0
651,6,GPA:<2,0
651,7,Not Enroll,0
651,8,Not Enroll,0
651,9,GPA:2 to 3,0
651,10,GPA:2 to 3,0
651,11,GPA:2 to 3,0
651,12,Still Enroll,1
652,1,GPA:<2,0
652,2,GPA:2 to 3,0
652,3,GPA:2 to 3,0
652,4,GPA:<2,0
652,5,Dropouts,1
653,1,GPA:<2,0
653,2,GPA:2 to 3,0
653,3,GPA:2 to 3,0
653,4,GPA:<2,0
653,5,Not Enroll,0
653,6,GPA:2 to 3,0
653,7,GPA:2 to 3,0
653,8,Dropouts,1
654,1,GPA:<2,0
654,2,GPA:2 to 3,0
654,3,GPA:2 to 3,0
654,4,GPA:<2,0
654,5,Not Enroll,0
654,6,Not Enroll,0
654,7,GPA:2 to 3,0
654,8,GPA:2 to 3,0
654,9,GPA:2 to 3,0
654,10,GPA:2 to 3,0
654,11,GPA:2 to 3,0
654,12,Dropouts,1
655,1,GPA:<2,0
655,2,GPA:2 to 3,0
655,3,GPA:2 to 3,0
655,4,GPA:>3,0
655,5,GPA:>3,0
655,6,GPA:2 to 3,0
655,7,GPA:2 to 3,0
655,8,GPA:2 to 3,0
655,9,Grad,1
656,1,GPA:<2,0
656,2,GPA:2 to 3,0
656,3,GPA:2 to 3,0
656,4,GPA:>3,0
656,5,GPA:>3,0
656,6,GPA:>3,0
656,7,GPA:>3,0
656,8,GPA:>3,0
656,9,GPA:>3,0
656,10,Grad,1
657,1,GPA:<2,0
657,2,GPA:2 to 3,0
657,3,GPA:2 to 3,0
657,4,GPA:>3,0
657,5,GPA:>3,0
657,6,GPA:>3,0
657,7,GPA:>3,0
657,8,GPA:>3,0
657,9,Grad,3
658,1,GPA:<2,0
658,2,GPA:2 to 3,0
658,3,GPA:2 to 3,0
658,4,GPA:>3,0
658,5,GPA:>3,0
658,6,GPA:>3,0
658,7,GPA:>3,0
658,8,Grad,1
659,1,GPA:<2,0
659,2,GPA:2 to 3,0
659,3,GPA:2 to 3,0
659,4,Dropouts,9
660,1,GPA:<2,0
660,2,GPA:2 to 3,0
660,3,GPA:2 to 3,0
660,4,Not Enroll,0
660,5,GPA:2 to 3,0
660,6,GPA:2 to 3,0
660,7,GPA:2 to 3,0
660,8,GPA:2 to 3,0
660,9,GPA:2 to 3,0
660,10,GPA:2 to 3,0
660,11,Grad,1
661,1,GPA:<2,0
661,2,GPA:2 to 3,0
661,3,GPA:2 to 3,0
661,4,Not Enroll,0
661,5,Not Enroll,0
661,6,Not Enroll,0
661,7,GPA:2 to 3,0
661,8,GPA:2 to 3,0
661,9,Not Enroll,0
661,10,Not Enroll,0
661,11,GPA:2 to 3,0
661,12,Still Enroll,1
662,1,GPA:<2,0
662,2,GPA:2 to 3,0
662,3,GPA:2 to 3,0
662,4,Not Enroll,0
662,5,Not Enroll,0
662,6,Not Enroll,0
662,7,Not Enroll,0
662,8,GPA:2 to 3,0
662,9,GPA:>3,0
662,10,GPA:>3,0
662,11,GPA:>3,0
662,12,Grad,1
663,1,GPA:<2,0
663,2,GPA:2 to 3,0
663,3,GPA:2 to 3,0
663,4,Not Enroll,0
663,5,Not Enroll,0
663,6,Not Enroll,0
663,7,Not Enroll,0
663,8,Not Enroll,0
663,9,GPA:2 to 3,0
663,10,GPA:2 to 3,0
663,11,GPA:2 to 3,0
663,12,Still Enroll,1
664,1,GPA:<2,0
664,2,GPA:2 to 3,0
664,3,GPA:<2,0
664,4,GPA:2 to 3,0
664,5,GPA:2 to 3,0
664,6,GPA:2 to 3,0
664,7,GPA:2 to 3,0
664,8,GPA:2 to 3,0
664,9,GPA:2 to 3,0
664,10,GPA:2 to 3,0
664,11,Grad,1
665,1,GPA:<2,0
665,2,GPA:2 to 3,0
665,3,GPA:<2,0
665,4,GPA:2 to 3,0
665,5,GPA:2 to 3,0
665,6,GPA:2 to 3,0
665,7,GPA:2 to 3,0
665,8,GPA:2 to 3,0
665,9,Grad,1
666,1,GPA:<2,0
666,2,GPA:2 to 3,0
666,3,GPA:<2,0
666,4,GPA:2 to 3,0
666,5,GPA:2 to 3,0
666,6,GPA:2 to 3,0
666,7,GPA:2 to 3,0
666,8,GPA:<2,0
666,9,Dropouts,1
667,1,GPA:<2,0
667,2,GPA:2 to 3,0
667,3,GPA:<2,0
667,4,GPA:2 to 3,0
667,5,GPA:2 to 3,0
667,6,GPA:2 to 3,0
667,7,GPA:2 to 3,0
667,8,Not Enroll,0
667,9,GPA:2 to 3,0
667,10,GPA:2 to 3,0
667,11,Grad,1
668,1,GPA:<2,0
668,2,GPA:2 to 3,0
668,3,GPA:<2,0
668,4,GPA:2 to 3,0
668,5,GPA:2 to 3,0
668,6,GPA:<2,0
668,7,GPA:2 to 3,0
668,8,GPA:2 to 3,0
668,9,GPA:2 to 3,0
668,10,Grad,1
669,1,GPA:<2,0
669,2,GPA:2 to 3,0
669,3,GPA:<2,0
669,4,GPA:2 to 3,0
669,5,GPA:2 to 3,0
669,6,Dropouts,1
670,1,GPA:<2,0
670,2,GPA:2 to 3,0
670,3,GPA:<2,0
670,4,GPA:<2,0
670,5,GPA:2 to 3,0
670,6,GPA:2 to 3,0
670,7,GPA:2 to 3,0
670,8,GPA:2 to 3,0
670,9,GPA:2 to 3,0
670,10,GPA:2 to 3,0
670,11,GPA:2 to 3,0
670,12,Still Enroll,1
671,1,GPA:<2,0
671,2,GPA:2 to 3,0
671,3,GPA:<2,0
671,4,GPA:<2,0
671,5,GPA:2 to 3,0
671,6,GPA:2 to 3,0
671,7,GPA:2 to 3,0
671,8,GPA:2 to 3,0
671,9,GPA:2 to 3,0
671,10,Grad,1
672,1,GPA:<2,0
672,2,GPA:2 to 3,0
672,3,GPA:<2,0
672,4,GPA:<2,0
672,5,GPA:2 to 3,0
672,6,GPA:2 to 3,0
672,7,GPA:2 to 3,0
672,8,GPA:2 to 3,0
672,9,Grad,1
673,1,GPA:<2,0
673,2,GPA:2 to 3,0
673,3,GPA:<2,0
673,4,GPA:<2,0
673,5,GPA:2 to 3,0
673,6,GPA:2 to 3,0
673,7,GPA:2 to 3,0
673,8,Dropouts,1
674,1,GPA:<2,0
674,2,GPA:2 to 3,0
674,3,GPA:<2,0
674,4,GPA:<2,0
674,5,GPA:<2,0
674,6,GPA:<2,0
674,7,Not Enroll,0
674,8,Not Enroll,0
674,9,Not Enroll,0
674,10,Not Enroll,0
674,11,Not Enroll,0
674,12,Still Enroll,1
675,1,GPA:<2,0
675,2,GPA:2 to 3,0
675,3,GPA:<2,0
675,4,GPA:<2,0
675,5,GPA:<2,0
675,6,Not Enroll,0
675,7,Not Enroll,0
675,8,Dropouts,1
676,1,GPA:<2,0
676,2,GPA:2 to 3,0
676,3,GPA:<2,0
676,4,GPA:<2,0
676,5,Dropouts,2
677,1,GPA:<2,0
677,2,GPA:2 to 3,0
677,3,GPA:<2,0
677,4,GPA:<2,0
677,5,Not Enroll,0
677,6,GPA:<2,0
677,7,GPA:2 to 3,0
677,8,GPA:2 to 3,0
677,9,Grad,1
678,1,GPA:<2,0
678,2,GPA:2 to 3,0
678,3,GPA:<2,0
678,4,GPA:<2,0
678,5,Not Enroll,0
678,6,Not Enroll,0
678,7,Dropouts,1
679,1,GPA:<2,0
679,2,GPA:2 to 3,0
679,3,GPA:<2,0
679,4,Dropouts,8
680,1,GPA:<2,0
680,2,GPA:2 to 3,0
680,3,GPA:<2,0
680,4,Not Enroll,0
680,5,GPA:<2,0
680,6,Not Enroll,0
680,7,Not Enroll,0
680,8,GPA:<2,0
680,9,GPA:2 to 3,0
680,10,GPA:2 to 3,0
680,11,GPA:2 to 3,0
680,12,Still Enroll,1
681,1,GPA:<2,0
681,2,GPA:2 to 3,0
681,3,GPA:>3,0
681,4,GPA:2 to 3,0
681,5,GPA:2 to 3,0
681,6,GPA:>3,0
681,7,GPA:2 to 3,0
681,8,Dropouts,1
682,1,GPA:<2,0
682,2,GPA:2 to 3,0
682,3,GPA:>3,0
682,4,GPA:2 to 3,0
682,5,GPA:2 to 3,0
682,6,GPA:>3,0
682,7,GPA:>3,0
682,8,GPA:>3,0
682,9,GPA:>3,0
682,10,Grad,1
683,1,GPA:<2,0
683,2,GPA:2 to 3,0
683,3,GPA:>3,0
683,4,GPA:2 to 3,0
683,5,GPA:>3,0
683,6,GPA:>3,0
683,7,GPA:>3,0
683,8,Grad,1
684,1,GPA:<2,0
684,2,GPA:2 to 3,0
684,3,GPA:>3,0
684,4,GPA:2 to 3,0
684,5,Dropouts,1
685,1,GPA:<2,0
685,2,GPA:2 to 3,0
685,3,GPA:>3,0
685,4,GPA:>3,0
685,5,GPA:>3,0
685,6,GPA:2 to 3,0
685,7,GPA:2 to 3,0
685,8,Grad,1
686,1,GPA:<2,0
686,2,GPA:2 to 3,0
686,3,GPA:>3,0
686,4,GPA:>3,0
686,5,GPA:>3,0
686,6,GPA:2 to 3,0
686,7,GPA:>3,0
686,8,GPA:>3,0
686,9,Grad,1
687,1,GPA:<2,0
687,2,GPA:2 to 3,0
687,3,GPA:>3,0
687,4,GPA:>3,0
687,5,GPA:>3,0
687,6,GPA:>3,0
687,7,GPA:>3,0
687,8,GPA:>3,0
687,9,GPA:>3,0
687,10,GPA:>3,0
687,11,Grad,1
688,1,GPA:<2,0
688,2,GPA:2 to 3,0
688,3,GPA:>3,0
688,4,GPA:>3,0
688,5,GPA:>3,0
688,6,GPA:>3,0
688,7,GPA:>3,0
688,8,GPA:>3,0
688,9,GPA:>3,0
688,10,Not Enroll,0
688,11,Not Enroll,0
688,12,Still Enroll,1
689,1,GPA:<2,0
689,2,GPA:2 to 3,0
689,3,GPA:>3,0
689,4,GPA:>3,0
689,5,GPA:>3,0
689,6,GPA:>3,0
689,7,GPA:>3,0
689,8,GPA:>3,0
689,9,Grad,3
690,1,GPA:<2,0
690,2,GPA:2 to 3,0
690,3,GPA:>3,0
690,4,GPA:>3,0
690,5,GPA:>3,0
690,6,GPA:>3,0
690,7,GPA:>3,0
690,8,Grad,4
691,1,GPA:<2,0
691,2,GPA:2 to 3,0
691,3,GPA:>3,0
691,4,GPA:>3,0
691,5,Not Enroll,0
691,6,Not Enroll,0
691,7,Not Enroll,0
691,8,Not Enroll,0
691,9,GPA:>3,0
691,10,GPA:2 to 3,0
691,11,GPA:2 to 3,0
691,12,Still Enroll,1
692,1,GPA:<2,0
692,2,GPA:2 to 3,0
692,3,Dropouts,8
693,1,GPA:<2,0
693,2,GPA:2 to 3,0
693,3,Not Enroll,0
693,4,GPA:2 to 3,0
693,5,GPA:>3,0
693,6,GPA:>3,0
693,7,GPA:>3,0
693,8,Grad,1
694,1,GPA:<2,0
694,2,GPA:2 to 3,0
694,3,Not Enroll,0
694,4,Not Enroll,0
694,5,GPA:2 to 3,0
694,6,GPA:2 to 3,0
694,7,GPA:2 to 3,0
694,8,GPA:2 to 3,0
694,9,GPA:2 to 3,0
694,10,GPA:2 to 3,0
694,11,Grad,1
695,1,GPA:<2,0
695,2,GPA:2 to 3,0
695,3,Not Enroll,0
695,4,Not Enroll,0
695,5,GPA:2 to 3,0
695,6,GPA:2 to 3,0
695,7,GPA:>3,0
695,8,GPA:>3,0
695,9,GPA:>3,0
695,10,Not Enroll,0
695,11,Grad,1
696,1,GPA:<2,0
696,2,GPA:2 to 3,0
696,3,Not Enroll,0
696,4,Not Enroll,0
696,5,Not Enroll,0
696,6,Not Enroll,0
696,7,GPA:2 to 3,0
696,8,GPA:2 to 3,0
696,9,GPA:2 to 3,0
696,10,GPA:2 to 3,0
696,11,GPA:2 to 3,0
696,12,Still Enroll,2
697,1,GPA:<2,0
697,2,GPA:2 to 3,0
697,3,Not Enroll,0
697,4,Not Enroll,0
697,5,Not Enroll,0
697,6,Not Enroll,0
697,7,GPA:2 to 3,0
697,8,GPA:2 to 3,0
697,9,GPA:2 to 3,0
697,10,GPA:2 to 3,0
697,11,Dropouts,1
698,1,GPA:<2,0
698,2,GPA:2 to 3,0
698,3,Not Enroll,0
698,4,Not Enroll,0
698,5,Not Enroll,0
698,6,Not Enroll,0
698,7,GPA:2 to 3,0
698,8,GPA:2 to 3,0
698,9,GPA:2 to 3,0
698,10,GPA:>3,0
698,11,GPA:>3,0
698,12,Still Enroll,1
699,1,GPA:<2,0
699,2,GPA:2 to 3,0
699,3,Not Enroll,0
699,4,Not Enroll,0
699,5,Not Enroll,0
699,6,Not Enroll,0
699,7,Not Enroll,0
699,8,GPA:2 to 3,0
699,9,GPA:>3,0
699,10,GPA:2 to 3,0
699,11,GPA:>3,0
699,12,Still Enroll,1
700,1,GPA:<2,0
700,2,GPA:<2,0
700,3,GPA:2 to 3,0
700,4,GPA:2 to 3,0
700,5,GPA:2 to 3,0
700,6,GPA:2 to 3,0
700,7,GPA:2 to 3,0
700,8,GPA:2 to 3,0
700,9,GPA:2 to 3,0
700,10,GPA:2 to 3,0
700,11,GPA:2 to 3,0
700,12,Dropouts,1
701,1,GPA:<2,0
701,2,GPA:<2,0
701,3,GPA:2 to 3,0
701,4,GPA:2 to 3,0
701,5,GPA:2 to 3,0
701,6,GPA:2 to 3,0
701,7,GPA:2 to 3,0
701,8,GPA:2 to 3,0
701,9,GPA:2 to 3,0
701,10,GPA:2 to 3,0
701,11,GPA:2 to 3,0
701,12,Grad,4
702,1,GPA:<2,0
702,2,GPA:<2,0
702,3,GPA:2 to 3,0
702,4,GPA:2 to 3,0
702,5,GPA:2 to 3,0
702,6,GPA:2 to 3,0
702,7,GPA:2 to 3,0
702,8,GPA:2 to 3,0
702,9,GPA:2 to 3,0
702,10,GPA:2 to 3,0
702,11,GPA:2 to 3,0
702,12,Still Enroll,2
703,1,GPA:<2,0
703,2,GPA:<2,0
703,3,GPA:2 to 3,0
703,4,GPA:2 to 3,0
703,5,GPA:2 to 3,0
703,6,GPA:2 to 3,0
703,7,GPA:2 to 3,0
703,8,GPA:2 to 3,0
703,9,GPA:2 to 3,0
703,10,GPA:2 to 3,0
703,11,Grad,2
704,1,GPA:<2,0
704,2,GPA:<2,0
704,3,GPA:2 to 3,0
704,4,GPA:2 to 3,0
704,5,GPA:2 to 3,0
704,6,GPA:2 to 3,0
704,7,GPA:2 to 3,0
704,8,GPA:2 to 3,0
704,9,GPA:2 to 3,0
704,10,Dropouts,1
705,1,GPA:<2,0
705,2,GPA:<2,0
705,3,GPA:2 to 3,0
705,4,GPA:2 to 3,0
705,5,GPA:2 to 3,0
705,6,GPA:2 to 3,0
705,7,GPA:2 to 3,0
705,8,GPA:2 to 3,0
705,9,GPA:2 to 3,0
705,10,Grad,9
706,1,GPA:<2,0
706,2,GPA:<2,0
706,3,GPA:2 to 3,0
706,4,GPA:2 to 3,0
706,5,GPA:2 to 3,0
706,6,GPA:2 to 3,0
706,7,GPA:2 to 3,0
706,8,GPA:2 to 3,0
706,9,GPA:>3,0
706,10,Grad,1
707,1,GPA:<2,0
707,2,GPA:<2,0
707,3,GPA:2 to 3,0
707,4,GPA:2 to 3,0
707,5,GPA:2 to 3,0
707,6,GPA:2 to 3,0
707,7,GPA:2 to 3,0
707,8,GPA:2 to 3,0
707,9,Grad,6
708,1,GPA:<2,0
708,2,GPA:<2,0
708,3,GPA:2 to 3,0
708,4,GPA:2 to 3,0
708,5,GPA:2 to 3,0
708,6,GPA:2 to 3,0
708,7,GPA:2 to 3,0
708,8,GPA:2 to 3,0
708,9,Not Enroll,0
708,10,Dropouts,2
709,1,GPA:<2,0
709,2,GPA:<2,0
709,3,GPA:2 to 3,0
709,4,GPA:2 to 3,0
709,5,GPA:2 to 3,0
709,6,GPA:2 to 3,0
709,7,GPA:2 to 3,0
709,8,GPA:2 to 3,0
709,9,Not Enroll,0
709,10,Not Enroll,0
709,11,GPA:2 to 3,0
709,12,Dropouts,1
710,1,GPA:<2,0
710,2,GPA:<2,0
710,3,GPA:2 to 3,0
710,4,GPA:2 to 3,0
710,5,GPA:2 to 3,0
710,6,GPA:2 to 3,0
710,7,GPA:2 to 3,0
710,8,GPA:>3,0
710,9,Grad,1
711,1,GPA:<2,0
711,2,GPA:<2,0
711,3,GPA:2 to 3,0
711,4,GPA:2 to 3,0
711,5,GPA:2 to 3,0
711,6,GPA:2 to 3,0
711,7,GPA:2 to 3,0
711,8,Grad,7
712,1,GPA:<2,0
712,2,GPA:<2,0
712,3,GPA:2 to 3,0
712,4,GPA:2 to 3,0
712,5,GPA:2 to 3,0
712,6,GPA:2 to 3,0
712,7,GPA:<2,0
712,8,GPA:<2,0
712,9,Not Enroll,0
712,10,Not Enroll,0
712,11,GPA:2 to 3,0
712,12,Still Enroll,1
713,1,GPA:<2,0
713,2,GPA:<2,0
713,3,GPA:2 to 3,0
713,4,GPA:2 to 3,0
713,5,GPA:2 to 3,0
713,6,GPA:2 to 3,0
713,7,GPA:<2,0
713,8,Dropouts,1
714,1,GPA:<2,0
714,2,GPA:<2,0
714,3,GPA:2 to 3,0
714,4,GPA:2 to 3,0
714,5,GPA:2 to 3,0
714,6,GPA:2 to 3,0
714,7,GPA:>3,0
714,8,GPA:2 to 3,0
714,9,GPA:2 to 3,0
714,10,Grad,1
715,1,GPA:<2,0
715,2,GPA:<2,0
715,3,GPA:2 to 3,0
715,4,GPA:2 to 3,0
715,5,GPA:2 to 3,0
715,6,GPA:2 to 3,0
715,7,GPA:>3,0
715,8,GPA:>3,0
715,9,Grad,1
716,1,GPA:<2,0
716,2,GPA:<2,0
716,3,GPA:2 to 3,0
716,4,GPA:2 to 3,0
716,5,GPA:2 to 3,0
716,6,GPA:2 to 3,0
716,7,Not Enroll,0
716,8,Not Enroll,0
716,9,Dropouts,1
717,1,GPA:<2,0
717,2,GPA:<2,0
717,3,GPA:2 to 3,0
717,4,GPA:2 to 3,0
717,5,GPA:2 to 3,0
717,6,GPA:<2,0
717,7,Dropouts,2
718,1,GPA:<2,0
718,2,GPA:<2,0
718,3,GPA:2 to 3,0
718,4,GPA:2 to 3,0
718,5,GPA:2 to 3,0
718,6,GPA:>3,0
718,7,GPA:2 to 3,0
718,8,GPA:2 to 3,0
718,9,Grad,1
719,1,GPA:<2,0
719,2,GPA:<2,0
719,3,GPA:2 to 3,0
719,4,GPA:2 to 3,0
719,5,GPA:2 to 3,0
719,6,GPA:>3,0
719,7,GPA:>3,0
719,8,GPA:>3,0
719,9,GPA:>3,0
719,10,GPA:>3,0
719,11,Grad,1
720,1,GPA:<2,0
720,2,GPA:<2,0
720,3,GPA:2 to 3,0
720,4,GPA:2 to 3,0
720,5,GPA:2 to 3,0
720,6,GPA:>3,0
720,7,GPA:>3,0
720,8,Not Enroll,0
720,9,Not Enroll,0
720,10,GPA:>3,0
720,11,Grad,1
721,1,GPA:<2,0
721,2,GPA:<2,0
721,3,GPA:2 to 3,0
721,4,GPA:2 to 3,0
721,5,GPA:2 to 3,0
721,6,Dropouts,4
722,1,GPA:<2,0
722,2,GPA:<2,0
722,3,GPA:2 to 3,0
722,4,GPA:2 to 3,0
722,5,GPA:<2,0
722,6,GPA:<2,0
722,7,Not Enroll,0
722,8,GPA:<2,0
722,9,GPA:<2,0
722,10,GPA:<2,0
722,11,Not Enroll,0
722,12,Still Enroll,1
723,1,GPA:<2,0
723,2,GPA:<2,0
723,3,GPA:2 to 3,0
723,4,GPA:2 to 3,0
723,5,GPA:>3,0
723,6,GPA:>3,0
723,7,GPA:2 to 3,0
723,8,GPA:>3,0
723,9,GPA:>3,0
723,10,Grad,1
724,1,GPA:<2,0
724,2,GPA:<2,0
724,3,GPA:2 to 3,0
724,4,GPA:2 to 3,0
724,5,GPA:>3,0
724,6,GPA:>3,0
724,7,GPA:>3,0
724,8,GPA:>3,0
724,9,GPA:>3,0
724,10,Grad,1
725,1,GPA:<2,0
725,2,GPA:<2,0
725,3,GPA:2 to 3,0
725,4,GPA:<2,0
725,5,GPA:2 to 3,0
725,6,GPA:2 to 3,0
725,7,GPA:2 to 3,0
725,8,GPA:2 to 3,0
725,9,GPA:2 to 3,0
725,10,Grad,2
726,1,GPA:<2,0
726,2,GPA:<2,0
726,3,GPA:2 to 3,0
726,4,GPA:<2,0
726,5,GPA:2 to 3,0
726,6,GPA:2 to 3,0
726,7,GPA:2 to 3,0
726,8,GPA:2 to 3,0
726,9,Grad,1
727,1,GPA:<2,0
727,2,GPA:<2,0
727,3,GPA:2 to 3,0
727,4,GPA:<2,0
727,5,GPA:2 to 3,0
727,6,Dropouts,2
728,1,GPA:<2,0
728,2,GPA:<2,0
728,3,GPA:2 to 3,0
728,4,GPA:<2,0
728,5,GPA:<2,0
728,6,GPA:<2,0
728,7,GPA:2 to 3,0
728,8,GPA:2 to 3,0
728,9,GPA:2 to 3,0
728,10,Dropouts,1
729,1,GPA:<2,0
729,2,GPA:<2,0
729,3,GPA:2 to 3,0
729,4,GPA:<2,0
729,5,GPA:<2,0
729,6,GPA:<2,0
729,7,Dropouts,1
730,1,GPA:<2,0
730,2,GPA:<2,0
730,3,GPA:2 to 3,0
730,4,GPA:<2,0
730,5,GPA:<2,0
730,6,GPA:<2,0
730,7,Not Enroll,0
730,8,Not Enroll,0
730,9,GPA:<2,0
730,10,GPA:2 to 3,0
730,11,GPA:2 to 3,0
730,12,Still Enroll,1
731,1,GPA:<2,0
731,2,GPA:<2,0
731,3,GPA:2 to 3,0
731,4,GPA:<2,0
731,5,GPA:<2,0
731,6,Dropouts,2
732,1,GPA:<2,0
732,2,GPA:<2,0
732,3,GPA:2 to 3,0
732,4,GPA:<2,0
732,5,Dropouts,3
733,1,GPA:<2,0
733,2,GPA:<2,0
733,3,GPA:2 to 3,0
733,4,GPA:>3,0
733,5,GPA:2 to 3,0
733,6,GPA:2 to 3,0
733,7,GPA:2 to 3,0
733,8,GPA:2 to 3,0
733,9,GPA:2 to 3,0
733,10,Dropouts,1
734,1,GPA:<2,0
734,2,GPA:<2,0
734,3,GPA:2 to 3,0
734,4,GPA:>3,0
734,5,GPA:>3,0
734,6,GPA:>3,0
734,7,GPA:>3,0
734,8,GPA:>3,0
734,9,Grad,1
735,1,GPA:<2,0
735,2,GPA:<2,0
735,3,GPA:2 to 3,0
735,4,Dropouts,8
736,1,GPA:<2,0
736,2,GPA:<2,0
736,3,GPA:2 to 3,0
736,4,Not Enroll,0
736,5,GPA:2 to 3,0
736,6,Dropouts,1
737,1,GPA:<2,0
737,2,GPA:<2,0
737,3,GPA:<2,0
737,4,GPA:2 to 3,0
737,5,GPA:2 to 3,0
737,6,GPA:2 to 3,0
737,7,GPA:2 to 3,0
737,8,GPA:2 to 3,0
737,9,GPA:2 to 3,0
737,10,GPA:2 to 3,0
737,11,GPA:2 to 3,0
737,12,Grad,1
738,1,GPA:<2,0
738,2,GPA:<2,0
738,3,GPA:<2,0
738,4,GPA:2 to 3,0
738,5,GPA:2 to 3,0
738,6,GPA:2 to 3,0
738,7,GPA:2 to 3,0
738,8,GPA:2 to 3,0
738,9,GPA:2 to 3,0
738,10,GPA:2 to 3,0
738,11,GPA:2 to 3,0
738,12,Still Enroll,2
739,1,GPA:<2,0
739,2,GPA:<2,0
739,3,GPA:<2,0
739,4,GPA:2 to 3,0
739,5,GPA:2 to 3,0
739,6,GPA:2 to 3,0
739,7,GPA:2 to 3,0
739,8,GPA:2 to 3,0
739,9,GPA:2 to 3,0
739,10,GPA:<2,0
739,11,Not Enroll,0
739,12,Dropouts,1
740,1,GPA:<2,0
740,2,GPA:<2,0
740,3,GPA:<2,0
740,4,GPA:2 to 3,0
740,5,GPA:2 to 3,0
740,6,GPA:2 to 3,0
740,7,GPA:2 to 3,0
740,8,GPA:2 to 3,0
740,9,GPA:2 to 3,0
740,10,Grad,2
741,1,GPA:<2,0
741,2,GPA:<2,0
741,3,GPA:<2,0
741,4,GPA:2 to 3,0
741,5,GPA:2 to 3,0
741,6,GPA:2 to 3,0
741,7,GPA:2 to 3,0
741,8,GPA:2 to 3,0
741,9,GPA:<2,0
741,10,GPA:2 to 3,0
741,11,Grad,1
742,1,GPA:<2,0
742,2,GPA:<2,0
742,3,GPA:<2,0
742,4,GPA:2 to 3,0
742,5,GPA:2 to 3,0
742,6,GPA:2 to 3,0
742,7,GPA:2 to 3,0
742,8,GPA:2 to 3,0
742,9,GPA:<2,0
742,10,Dropouts,1
743,1,GPA:<2,0
743,2,GPA:<2,0
743,3,GPA:<2,0
743,4,GPA:2 to 3,0
743,5,GPA:2 to 3,0
743,6,GPA:2 to 3,0
743,7,GPA:2 to 3,0
743,8,GPA:2 to 3,0
743,9,Dropouts,1
744,1,GPA:<2,0
744,2,GPA:<2,0
744,3,GPA:<2,0
744,4,GPA:2 to 3,0
744,5,GPA:2 to 3,0
744,6,GPA:2 to 3,0
744,7,GPA:2 to 3,0
744,8,GPA:2 to 3,0
744,9,Grad,1
745,1,GPA:<2,0
745,2,GPA:<2,0
745,3,GPA:<2,0
745,4,GPA:2 to 3,0
745,5,GPA:2 to 3,0
745,6,GPA:2 to 3,0
745,7,GPA:<2,0
745,8,Dropouts,1
746,1,GPA:<2,0
746,2,GPA:<2,0
746,3,GPA:<2,0
746,4,GPA:2 to 3,0
746,5,GPA:2 to 3,0
746,6,GPA:2 to 3,0
746,7,Dropouts,1
747,1,GPA:<2,0
747,2,GPA:<2,0
747,3,GPA:<2,0
747,4,GPA:2 to 3,0
747,5,GPA:2 to 3,0
747,6,GPA:<2,0
747,7,GPA:2 to 3,0
747,8,GPA:2 to 3,0
747,9,GPA:<2,0
747,10,GPA:<2,0
747,11,Not Enroll,0
747,12,Still Enroll,1
748,1,GPA:<2,0
748,2,GPA:<2,0
748,3,GPA:<2,0
748,4,GPA:2 to 3,0
748,5,GPA:<2,0
748,6,GPA:2 to 3,0
748,7,GPA:2 to 3,0
748,8,GPA:2 to 3,0
748,9,Grad,1
749,1,GPA:<2,0
749,2,GPA:<2,0
749,3,GPA:<2,0
749,4,GPA:2 to 3,0
749,5,GPA:<2,0
749,6,GPA:<2,0
749,7,Not Enroll,0
749,8,Not Enroll,0
749,9,Not Enroll,0
749,10,Not Enroll,0
749,11,GPA:<2,0
749,12,Dropouts,1
750,1,GPA:<2,0
750,2,GPA:<2,0
750,3,GPA:<2,0
750,4,GPA:2 to 3,0
750,5,GPA:<2,0
750,6,Not Enroll,0
750,7,GPA:<2,0
750,8,GPA:2 to 3,0
750,9,GPA:2 to 3,0
750,10,Grad,1
751,1,GPA:<2,0
751,2,GPA:<2,0
751,3,GPA:<2,0
751,4,GPA:2 to 3,0
751,5,Dropouts,2
752,1,GPA:<2,0
752,2,GPA:<2,0
752,3,GPA:<2,0
752,4,GPA:<2,0
752,5,GPA:2 to 3,0
752,6,GPA:2 to 3,0
752,7,GPA:2 to 3,0
752,8,GPA:2 to 3,0
752,9,GPA:2 to 3,0
752,10,GPA:2 to 3,0
752,11,GPA:2 to 3,0
752,12,Still Enroll,1
753,1,GPA:<2,0
753,2,GPA:<2,0
753,3,GPA:<2,0
753,4,GPA:<2,0
753,5,GPA:2 to 3,0
753,6,GPA:2 to 3,0
753,7,GPA:2 to 3,0
753,8,GPA:2 to 3,0
753,9,GPA:2 to 3,0
753,10,GPA:2 to 3,0
753,11,Grad,2
754,1,GPA:<2,0
754,2,GPA:<2,0
754,3,GPA:<2,0
754,4,GPA:<2,0
754,5,GPA:2 to 3,0
754,6,GPA:2 to 3,0
754,7,GPA:2 to 3,0
754,8,GPA:2 to 3,0
754,9,GPA:2 to 3,0
754,10,GPA:2 to 3,0
754,11,Not Enroll,0
754,12,Still Enroll,1
755,1,GPA:<2,0
755,2,GPA:<2,0
755,3,GPA:<2,0
755,4,GPA:<2,0
755,5,GPA:2 to 3,0
755,6,GPA:2 to 3,0
755,7,GPA:2 to 3,0
755,8,GPA:2 to 3,0
755,9,GPA:2 to 3,0
755,10,GPA:<2,0
755,11,Not Enroll,0
755,12,Still Enroll,1
756,1,GPA:<2,0
756,2,GPA:<2,0
756,3,GPA:<2,0
756,4,GPA:<2,0
756,5,GPA:2 to 3,0
756,6,GPA:2 to 3,0
756,7,GPA:2 to 3,0
756,8,GPA:2 to 3,0
756,9,GPA:2 to 3,0
756,10,Dropouts,1
757,1,GPA:<2,0
757,2,GPA:<2,0
757,3,GPA:<2,0
757,4,GPA:<2,0
757,5,GPA:2 to 3,0
757,6,GPA:2 to 3,0
757,7,GPA:2 to 3,0
757,8,GPA:2 to 3,0
757,9,Dropouts,1
758,1,GPA:<2,0
758,2,GPA:<2,0
758,3,GPA:<2,0
758,4,GPA:<2,0
758,5,GPA:2 to 3,0
758,6,GPA:2 to 3,0
758,7,GPA:2 to 3,0
758,8,GPA:2 to 3,0
758,9,Grad,1
759,1,GPA:<2,0
759,2,GPA:<2,0
759,3,GPA:<2,0
759,4,GPA:<2,0
759,5,GPA:2 to 3,0
759,6,GPA:2 to 3,0
759,7,GPA:2 to 3,0
759,8,GPA:<2,0
759,9,GPA:2 to 3,0
759,10,Grad,1
760,1,GPA:<2,0
760,2,GPA:<2,0
760,3,GPA:<2,0
760,4,GPA:<2,0
760,5,GPA:2 to 3,0
760,6,GPA:2 to 3,0
760,7,GPA:2 to 3,0
760,8,Grad,1
761,1,GPA:<2,0
761,2,GPA:<2,0
761,3,GPA:<2,0
761,4,GPA:<2,0
761,5,GPA:2 to 3,0
761,6,GPA:2 to 3,0
761,7,Dropouts,1
762,1,GPA:<2,0
762,2,GPA:<2,0
762,3,GPA:<2,0
762,4,GPA:<2,0
762,5,GPA:<2,0
762,6,GPA:2 to 3,0
762,7,GPA:2 to 3,0
762,8,GPA:2 to 3,0
762,9,GPA:2 to 3,0
762,10,GPA:2 to 3,0
762,11,Grad,1
763,1,GPA:<2,0
763,2,GPA:<2,0
763,3,GPA:<2,0
763,4,GPA:<2,0
763,5,GPA:<2,0
763,6,GPA:2 to 3,0
763,7,GPA:2 to 3,0
763,8,GPA:2 to 3,0
763,9,GPA:2 to 3,0
763,10,GPA:2 to 3,0
763,11,Not Enroll,0
763,12,Still Enroll,1
764,1,GPA:<2,0
764,2,GPA:<2,0
764,3,GPA:<2,0
764,4,GPA:<2,0
764,5,GPA:<2,0
764,6,GPA:<2,0
764,7,GPA:<2,0
764,8,GPA:2 to 3,0
764,9,GPA:2 to 3,0
764,10,GPA:2 to 3,0
764,11,GPA:2 to 3,0
764,12,Still Enroll,1
765,1,GPA:<2,0
765,2,GPA:<2,0
765,3,GPA:<2,0
765,4,GPA:<2,0
765,5,GPA:<2,0
765,6,GPA:<2,0
765,7,GPA:<2,0
765,8,Not Enroll,0
765,9,Dropouts,1
766,1,GPA:<2,0
766,2,GPA:<2,0
766,3,GPA:<2,0
766,4,GPA:<2,0
766,5,GPA:<2,0
766,6,GPA:<2,0
766,7,Not Enroll,0
766,8,Not Enroll,0
766,9,Not Enroll,0
766,10,Not Enroll,0
766,11,Not Enroll,0
766,12,Still Enroll,1
767,1,GPA:<2,0
767,2,GPA:<2,0
767,3,GPA:<2,0
767,4,GPA:<2,0
767,5,GPA:<2,0
767,6,Dropouts,6
768,1,GPA:<2,0
768,2,GPA:<2,0
768,3,GPA:<2,0
768,4,GPA:<2,0
768,5,GPA:<2,0
768,6,Not Enroll,0
768,7,Not Enroll,0
768,8,GPA:2 to 3,0
768,9,GPA:2 to 3,0
768,10,GPA:2 to 3,0
768,11,GPA:2 to 3,0
768,12,Still Enroll,1
769,1,GPA:<2,0
769,2,GPA:<2,0
769,3,GPA:<2,0
769,4,GPA:<2,0
769,5,GPA:<2,0
769,6,Not Enroll,0
769,7,Not Enroll,0
769,8,Not Enroll,0
769,9,GPA:<2,0
769,10,Not Enroll,0
769,11,Not Enroll,0
769,12,Still Enroll,1
770,1,GPA:<2,0
770,2,GPA:<2,0
770,3,GPA:<2,0
770,4,GPA:<2,0
770,5,GPA:<2,0
770,6,Not Enroll,0
770,7,Not Enroll,0
770,8,Not Enroll,0
770,9,Not Enroll,0
770,10,Not Enroll,0
770,11,GPA:<2,0
770,12,Dropouts,1
771,1,GPA:<2,0
771,2,GPA:<2,0
771,3,GPA:<2,0
771,4,GPA:<2,0
771,5,GPA:<2,0
771,6,Not Enroll,0
771,7,Not Enroll,0
771,8,Not Enroll,0
771,9,Not Enroll,0
771,10,Not Enroll,0
771,11,Dropouts,1
772,1,GPA:<2,0
772,2,GPA:<2,0
772,3,GPA:<2,0
772,4,GPA:<2,0
772,5,Dropouts,7
773,1,GPA:<2,0
773,2,GPA:<2,0
773,3,GPA:<2,0
773,4,GPA:<2,0
773,5,Not Enroll,0
773,6,Not Enroll,0
773,7,GPA:<2,0
773,8,GPA:<2,0
773,9,Not Enroll,0
773,10,Not Enroll,0
773,11,Not Enroll,0
773,12,Still Enroll,1
774,1,GPA:<2,0
774,2,GPA:<2,0
774,3,GPA:<2,0
774,4,GPA:<2,0
774,5,Not Enroll,0
774,6,Not Enroll,0
774,7,Dropouts,1
775,1,GPA:<2,0
775,2,GPA:<2,0
775,3,GPA:<2,0
775,4,GPA:<2,0
775,5,Not Enroll,0
775,6,Not Enroll,0
775,7,Not Enroll,0
775,8,GPA:2 to 3,0
775,9,GPA:2 to 3,0
775,10,GPA:2 to 3,0
775,11,GPA:2 to 3,0
775,12,Still Enroll,1
776,1,GPA:<2,0
776,2,GPA:<2,0
776,3,GPA:<2,0
776,4,GPA:<2,0
776,5,Not Enroll,0
776,6,Not Enroll,0
776,7,Not Enroll,0
776,8,Not Enroll,0
776,9,Dropouts,1
777,1,GPA:<2,0
777,2,GPA:<2,0
777,3,GPA:<2,0
777,4,Dropouts,18
778,1,GPA:<2,0
778,2,GPA:<2,0
778,3,GPA:<2,0
778,4,Not Enroll,0
778,5,GPA:2 to 3,0
778,6,GPA:2 to 3,0
778,7,GPA:<2,0
778,8,GPA:2 to 3,0
778,9,GPA:2 to 3,0
778,10,Grad,1
779,1,GPA:<2,0
779,2,GPA:<2,0
779,3,GPA:<2,0
779,4,Not Enroll,0
779,5,GPA:<2,0
779,6,GPA:<2,0
779,7,Not Enroll,0
779,8,Not Enroll,0
779,9,GPA:<2,0
779,10,Not Enroll,0
779,11,Not Enroll,0
779,12,Still Enroll,1
780,1,GPA:<2,0
780,2,GPA:<2,0
780,3,GPA:<2,0
780,4,Not Enroll,0
780,5,GPA:<2,0
780,6,Dropouts,2
781,1,GPA:<2,0
781,2,GPA:<2,0
781,3,GPA:<2,0
781,4,Not Enroll,0
781,5,GPA:<2,0
781,6,Not Enroll,0
781,7,Not Enroll,0
781,8,Not Enroll,0
781,9,Not Enroll,0
781,10,Not Enroll,0
781,11,Not Enroll,0
781,12,Still Enroll,1
782,1,GPA:<2,0
782,2,GPA:<2,0
782,3,GPA:<2,0
782,4,Not Enroll,0
782,5,Dropouts,1
783,1,GPA:<2,0
783,2,GPA:<2,0
783,3,GPA:<2,0
783,4,Not Enroll,0
783,5,Not Enroll,0
783,6,GPA:<2,0
783,7,GPA:2 to 3,0
783,8,GPA:2 to 3,0
783,9,GPA:2 to 3,0
783,10,GPA:2 to 3,0
783,11,Not Enroll,0
783,12,Grad,1
784,1,GPA:<2,0
784,2,GPA:<2,0
784,3,GPA:<2,0
784,4,Not Enroll,0
784,5,Not Enroll,0
784,6,GPA:<2,0
784,7,Not Enroll,0
784,8,Not Enroll,0
784,9,GPA:<2,0
784,10,GPA:2 to 3,0
784,11,GPA:2 to 3,0
784,12,Still Enroll,1
785,1,GPA:<2,0
785,2,GPA:<2,0
785,3,GPA:<2,0
785,4,Not Enroll,0
785,5,Not Enroll,0
785,6,GPA:<2,0
785,7,Not Enroll,0
785,8,Not Enroll,0
785,9,Not Enroll,0
785,10,Not Enroll,0
785,11,GPA:<2,0
785,12,Still Enroll,1
786,1,GPA:<2,0
786,2,GPA:<2,0
786,3,GPA:<2,0
786,4,Not Enroll,0
786,5,Not Enroll,0
786,6,Dropouts,1
787,1,GPA:<2,0
787,2,GPA:<2,0
787,3,GPA:<2,0
787,4,Not Enroll,0
787,5,Not Enroll,0
787,6,Not Enroll,0
787,7,GPA:<2,0
787,8,GPA:2 to 3,0
787,9,GPA:2 to 3,0
787,10,GPA:2 to 3,0
787,11,GPA:2 to 3,0
787,12,Grad,1
788,1,GPA:<2,0
788,2,GPA:<2,0
788,3,GPA:<2,0
788,4,Not Enroll,0
788,5,Not Enroll,0
788,6,Not Enroll,0
788,7,GPA:<2,0
788,8,GPA:<2,0
788,9,GPA:2 to 3,0
788,10,GPA:2 to 3,0
788,11,GPA:2 to 3,0
788,12,Still Enroll,1
789,1,GPA:<2,0
789,2,GPA:<2,0
789,3,GPA:<2,0
789,4,Not Enroll,0
789,5,Not Enroll,0
789,6,Not Enroll,0
789,7,Dropouts,2
790,1,GPA:<2,0
790,2,GPA:<2,0
790,3,GPA:<2,0
790,4,Not Enroll,0
790,5,Not Enroll,0
790,6,Not Enroll,0
790,7,Not Enroll,0
790,8,Not Enroll,0
790,9,GPA:2 to 3,0
790,10,GPA:2 to 3,0
790,11,GPA:2 to 3,0
790,12,Still Enroll,1
791,1,GPA:<2,0
791,2,GPA:<2,0
791,3,GPA:<2,0
791,4,Not Enroll,0
791,5,Not Enroll,0
791,6,Not Enroll,0
791,7,Not Enroll,0
791,8,Not Enroll,0
791,9,GPA:<2,0
791,10,Dropouts,1
792,1,GPA:<2,0
792,2,GPA:<2,0
792,3,Dropouts,24
793,1,GPA:<2,0
793,2,GPA:<2,0
793,3,Not Enroll,0
793,4,GPA:2 to 3,0
793,5,GPA:2 to 3,0
793,6,GPA:2 to 3,0
793,7,GPA:2 to 3,0
793,8,GPA:2 to 3,0
793,9,GPA:2 to 3,0
793,10,GPA:2 to 3,0
793,11,Grad,1
794,1,GPA:<2,0
794,2,GPA:<2,0
794,3,Not Enroll,0
794,4,GPA:2 to 3,0
794,5,GPA:2 to 3,0
794,6,GPA:2 to 3,0
794,7,GPA:2 to 3,0
794,8,GPA:2 to 3,0
794,9,GPA:2 to 3,0
794,10,GPA:2 to 3,0
794,11,Not Enroll,0
794,12,Still Enroll,1
795,1,GPA:<2,0
795,2,GPA:<2,0
795,3,Not Enroll,0
795,4,GPA:<2,0
795,5,GPA:2 to 3,0
795,6,GPA:2 to 3,0
795,7,GPA:2 to 3,0
795,8,GPA:2 to 3,0
795,9,GPA:2 to 3,0
795,10,GPA:2 to 3,0
795,11,GPA:2 to 3,0
795,12,Still Enroll,1
796,1,GPA:<2,0
796,2,GPA:<2,0
796,3,Not Enroll,0
796,4,GPA:<2,0
796,5,GPA:<2,0
796,6,GPA:<2,0
796,7,Dropouts,1
797,1,GPA:<2,0
797,2,GPA:<2,0
797,3,Not Enroll,0
797,4,Not Enroll,0
797,5,GPA:2 to 3,0
797,6,GPA:2 to 3,0
797,7,GPA:2 to 3,0
797,8,GPA:2 to 3,0
797,9,GPA:2 to 3,0
797,10,GPA:2 to 3,0
797,11,Grad,2
798,1,GPA:<2,0
798,2,GPA:<2,0
798,3,Not Enroll,0
798,4,Not Enroll,0
798,5,GPA:2 to 3,0
798,6,GPA:2 to 3,0
798,7,GPA:2 to 3,0
798,8,GPA:2 to 3,0
798,9,Not Enroll,0
798,10,Grad,1
799,1,GPA:<2,0
799,2,GPA:<2,0
799,3,Not Enroll,0
799,4,Not Enroll,0
799,5,GPA:2 to 3,0
799,6,GPA:2 to 3,0
799,7,Dropouts,1
800,1,GPA:<2,0
800,2,GPA:<2,0
800,3,Not Enroll,0
800,4,Not Enroll,0
800,5,GPA:<2,0
800,6,GPA:2 to 3,0
800,7,GPA:2 to 3,0
800,8,GPA:2 to 3,0
800,9,GPA:2 to 3,0
800,10,GPA:2 to 3,0
800,11,GPA:2 to 3,0
800,12,Grad,1
801,1,GPA:<2,0
801,2,GPA:<2,0
801,3,Not Enroll,0
801,4,Not Enroll,0
801,5,GPA:<2,0
801,6,GPA:2 to 3,0
801,7,GPA:<2,0
801,8,GPA:<2,0
801,9,GPA:<2,0
801,10,GPA:<2,0
801,11,Not Enroll,0
801,12,Still Enroll,1
802,1,GPA:<2,0
802,2,GPA:<2,0
802,3,Not Enroll,0
802,4,Not Enroll,0
802,5,GPA:<2,0
802,6,GPA:2 to 3,0
802,7,Dropouts,1
803,1,GPA:<2,0
803,2,GPA:<2,0
803,3,Not Enroll,0
803,4,Not Enroll,0
803,5,GPA:<2,0
803,6,GPA:<2,0
803,7,GPA:2 to 3,0
803,8,GPA:2 to 3,0
803,9,GPA:2 to 3,0
803,10,GPA:<2,0
803,11,GPA:<2,0
803,12,Still Enroll,1
804,1,GPA:<2,0
804,2,GPA:<2,0
804,3,Not Enroll,0
804,4,Not Enroll,0
804,5,GPA:<2,0
804,6,GPA:<2,0
804,7,Not Enroll,0
804,8,Not Enroll,0
804,9,Not Enroll,0
804,10,Not Enroll,0
804,11,GPA:2 to 3,0
804,12,Still Enroll,1
805,1,GPA:<2,0
805,2,GPA:<2,0
805,3,Not Enroll,0
805,4,Not Enroll,0
805,5,GPA:<2,0
805,6,GPA:<2,0
805,7,Not Enroll,0
805,8,Not Enroll,0
805,9,Not Enroll,0
805,10,Not Enroll,0
805,11,Not Enroll,0
805,12,Still Enroll,1
806,1,GPA:<2,0
806,2,GPA:<2,0
806,3,Not Enroll,0
806,4,Not Enroll,0
806,5,GPA:<2,0
806,6,Dropouts,1
807,1,GPA:<2,0
807,2,GPA:<2,0
807,3,Not Enroll,0
807,4,Not Enroll,0
807,5,GPA:<2,0
807,6,Not Enroll,0
807,7,Not Enroll,0
807,8,Not Enroll,0
807,9,Not Enroll,0
807,10,Not Enroll,0
807,11,Dropouts,1
808,1,GPA:<2,0
808,2,GPA:<2,0
808,3,Not Enroll,0
808,4,Not Enroll,0
808,5,GPA:<2,0
808,6,Not Enroll,0
808,7,Not Enroll,0
808,8,Not Enroll,0
808,9,Not Enroll,0
808,10,Not Enroll,0
808,11,Not Enroll,0
808,12,Still Enroll,1
809,1,GPA:<2,0
809,2,GPA:<2,0
809,3,Not Enroll,0
809,4,Not Enroll,0
809,5,Dropouts,5
810,1,GPA:<2,0
810,2,GPA:<2,0
810,3,Not Enroll,0
810,4,Not Enroll,0
810,5,Not Enroll,0
810,6,GPA:2 to 3,0
810,7,GPA:2 to 3,0
810,8,GPA:2 to 3,0
810,9,GPA:2 to 3,0
810,10,GPA:2 to 3,0
810,11,GPA:2 to 3,0
810,12,Still Enroll,1
811,1,GPA:<2,0
811,2,GPA:<2,0
811,3,Not Enroll,0
811,4,Not Enroll,0
811,5,Not Enroll,0
811,6,Dropouts,1
812,1,GPA:<2,0
812,2,GPA:<2,0
812,3,Not Enroll,0
812,4,Not Enroll,0
812,5,Not Enroll,0
812,6,Not Enroll,0
812,7,GPA:2 to 3,0
812,8,GPA:2 to 3,0
812,9,GPA:2 to 3,0
812,10,GPA:2 to 3,0
812,11,GPA:2 to 3,0
812,12,Grad,1
813,1,GPA:<2,0
813,2,GPA:<2,0
813,3,Not Enroll,0
813,4,Not Enroll,0
813,5,Not Enroll,0
813,6,Not Enroll,0
813,7,GPA:2 to 3,0
813,8,GPA:2 to 3,0
813,9,GPA:2 to 3,0
813,10,GPA:2 to 3,0
813,11,GPA:2 to 3,0
813,12,Still Enroll,1
814,1,GPA:<2,0
814,2,GPA:<2,0
814,3,Not Enroll,0
814,4,Not Enroll,0
814,5,Not Enroll,0
814,6,Not Enroll,0
814,7,GPA:2 to 3,0
814,8,GPA:2 to 3,0
814,9,GPA:2 to 3,0
814,10,GPA:>3,0
814,11,Grad,1
815,1,GPA:<2,0
815,2,GPA:<2,0
815,3,Not Enroll,0
815,4,Not Enroll,0
815,5,Not Enroll,0
815,6,Not Enroll,0
815,7,GPA:2 to 3,0
815,8,GPA:>3,0
815,9,GPA:>3,0
815,10,GPA:>3,0
815,11,GPA:>3,0
815,12,Still Enroll,1
816,1,GPA:<2,0
816,2,GPA:<2,0
816,3,Not Enroll,0
816,4,Not Enroll,0
816,5,Not Enroll,0
816,6,Not Enroll,0
816,7,Dropouts,1
817,1,GPA:<2,0
817,2,GPA:<2,0
817,3,Not Enroll,0
817,4,Not Enroll,0
817,5,Not Enroll,0
817,6,Not Enroll,0
817,7,Not Enroll,0
817,8,Dropouts,1
818,1,GPA:<2,0
818,2,GPA:<2,0
818,3,Not Enroll,0
818,4,Not Enroll,0
818,5,Not Enroll,0
818,6,Not Enroll,0
818,7,Not Enroll,0
818,8,Not Enroll,0
818,9,GPA:2 to 3,0
818,10,GPA:2 to 3,0
818,11,GPA:2 to 3,0
818,12,Dropouts,1
819,1,GPA:<2,0
819,2,GPA:>3,0
819,3,GPA:2 to 3,0
819,4,GPA:2 to 3,0
819,5,GPA:2 to 3,0
819,6,GPA:2 to 3,0
819,7,GPA:2 to 3,0
819,8,GPA:2 to 3,0
819,9,GPA:2 to 3,0
819,10,Grad,1
820,1,GPA:<2,0
820,2,GPA:>3,0
820,3,GPA:2 to 3,0
820,4,GPA:2 to 3,0
820,5,GPA:2 to 3,0
820,6,GPA:2 to 3,0
820,7,GPA:2 to 3,0
820,8,Grad,1
821,1,GPA:<2,0
821,2,GPA:>3,0
821,3,GPA:2 to 3,0
821,4,GPA:2 to 3,0
821,5,GPA:>3,0
821,6,GPA:>3,0
821,7,Not Enroll,0
821,8,Grad,1
822,1,GPA:<2,0
822,2,GPA:>3,0
822,3,GPA:>3,0
822,4,GPA:2 to 3,0
822,5,GPA:2 to 3,0
822,6,GPA:2 to 3,0
822,7,GPA:2 to 3,0
822,8,GPA:2 to 3,0
822,9,Dropouts,1
823,1,GPA:<2,0
823,2,GPA:>3,0
823,3,GPA:>3,0
823,4,GPA:>3,0
823,5,GPA:>3,0
823,6,GPA:>3,0
823,7,GPA:>3,0
823,8,GPA:2 to 3,0
823,9,GPA:2 to 3,0
823,10,GPA:2 to 3,0
823,11,Grad,1
824,1,GPA:<2,0
824,2,GPA:>3,0
824,3,Dropouts,1
825,1,GPA:<2,0
825,2,GPA:>3,0
825,3,Not Enroll,0
825,4,GPA:2 to 3,0
825,5,GPA:>3,0
825,6,GPA:>3,0
825,7,GPA:2 to 3,0
825,8,GPA:2 to 3,0
825,9,GPA:2 to 3,0
825,10,GPA:2 to 3,0
825,11,Grad,1
826,1,GPA:<2,0
826,2,Dropouts,102
827,1,GPA:<2,0
827,2,Not Enroll,0
827,3,GPA:2 to 3,0
827,4,Dropouts,2
828,1,GPA:<2,0
828,2,Not Enroll,0
828,3,GPA:<2,0
828,4,GPA:<2,0
828,5,GPA:2 to 3,0
828,6,GPA:2 to 3,0
828,7,GPA:2 to 3,0
828,8,GPA:2 to 3,0
828,9,GPA:2 to 3,0
828,10,GPA:2 to 3,0
828,11,GPA:2 to 3,0
828,12,Grad,1
829,1,GPA:<2,0
829,2,Not Enroll,0
829,3,GPA:<2,0
829,4,GPA:<2,0
829,5,GPA:<2,0
829,6,Dropouts,1
830,1,GPA:<2,0
830,2,Not Enroll,0
830,3,GPA:<2,0
830,4,Dropouts,1
831,1,GPA:<2,0
831,2,Not Enroll,0
831,3,Dropouts,2
832,1,GPA:<2,0
832,2,Not Enroll,0
832,3,Not Enroll,0
832,4,GPA:2 to 3,0
832,5,GPA:2 to 3,0
832,6,GPA:2 to 3,0
832,7,GPA:2 to 3,0
832,8,GPA:2 to 3,0
832,9,Grad,1
833,1,GPA:<2,0
833,2,Not Enroll,0
833,3,Not Enroll,0
833,4,Not Enroll,0
833,5,Not Enroll,0
833,6,GPA:2 to 3,0
833,7,GPA:2 to 3,0
833,8,Dropouts,1
834,1,GPA:<2,0
834,2,Not Enroll,0
834,3,Not Enroll,0
834,4,Not Enroll,0
834,5,Not Enroll,0
834,6,Not Enroll,0
834,7,GPA:<2,0
834,8,GPA:2 to 3,0
834,9,GPA:2 to 3,0
834,10,GPA:2 to 3,0
834,11,GPA:2 to 3,0
834,12,Still Enroll,1
835,1,GPA:<2,0
835,2,Not Enroll,0
835,3,Not Enroll,0
835,4,Not Enroll,0
835,5,Not Enroll,0
835,6,Not Enroll,0
835,7,GPA:<2,0
835,8,GPA:2 to 3,0
835,9,GPA:2 to 3,0
835,10,GPA:>3,0
835,11,Grad,1
836,1,GPA:<2,0
836,2,Not Enroll,0
836,3,Not Enroll,0
836,4,Not Enroll,0
836,5,Not Enroll,0
836,6,Not Enroll,0
836,7,GPA:<2,0
836,8,Dropouts,1
837,1,GPA:<2,0
837,2,Not Enroll,0
837,3,Not Enroll,0
837,4,Not Enroll,0
837,5,Not Enroll,0
837,6,Not Enroll,0
837,7,Not Enroll,0
837,8,Dropouts,1
838,1,GPA:<2,0
838,2,Not Enroll,0
838,3,Not Enroll,0
838,4,Not Enroll,0
838,5,Not Enroll,0
838,6,Not Enroll,0
838,7,Not Enroll,0
838,8,Not Enroll,0
838,9,Not Enroll,0
838,10,Not Enroll,0
838,11,Not Enroll,0
838,12,Still Enroll,1
839,1,Dropouts,43
