89,1,GPA:2 to 3,0
89,2,GPA:2 to 3,0
89,3,GPA:2 to 3,0
89,4,GPA:2 to 3,0
89,5,GPA:2 to 3,0
89,6,GPA:2 to 3,0
89,7,GPA:2 to 3,0
89,8,GPA:2 to 3,0
89,9,GPA:2 to 3,0
89,10,GPA:2 to 3,0
89,11,GPA:2 to 3,0
89,12,Grad,13
90,1,GPA:2 to 3,0
90,2,GPA:2 to 3,0
90,3,GPA:2 to 3,0
90,4,GPA:2 to 3,0
90,5,GPA:2 to 3,0
90,6,GPA:2 to 3,0
90,7,GPA:2 to 3,0
90,8,GPA:2 to 3,0
90,9,GPA:2 to 3,0
90,10,GPA:2 to 3,0
90,11,GPA:2 to 3,0
90,12,Dropouts,3
91,1,GPA:2 to 3,0
91,2,GPA:2 to 3,0
91,3,GPA:2 to 3,0
91,4,GPA:2 to 3,0
91,5,GPA:2 to 3,0
91,6,GPA:2 to 3,0
91,7,GPA:2 to 3,0
91,8,GPA:2 to 3,0
91,9,GPA:2 to 3,0
91,10,GPA:2 to 3,0
91,11,GPA:2 to 3,0
91,12,Still Enro,9
92,1,GPA:2 to 3,0
92,2,GPA:2 to 3,0
92,3,GPA:2 to 3,0
92,4,GPA:2 to 3,0
92,5,GPA:2 to 3,0
92,6,GPA:2 to 3,0
92,7,GPA:2 to 3,0
92,8,GPA:2 to 3,0
92,9,GPA:2 to 3,0
92,10,GPA:2 to 3,0
92,11,Dropouts,2
93,1,GPA:2 to 3,0
93,2,GPA:2 to 3,0
93,3,GPA:2 to 3,0
93,4,GPA:2 to 3,0
93,5,GPA:2 to 3,0
93,6,GPA:2 to 3,0
93,7,GPA:2 to 3,0
93,8,GPA:2 to 3,0
93,9,GPA:2 to 3,0
93,10,GPA:2 to 3,0
93,11,Grad,67
94,1,GPA:2 to 3,0
94,2,GPA:2 to 3,0
94,3,GPA:2 to 3,0
94,4,GPA:2 to 3,0
94,5,GPA:2 to 3,0
94,6,GPA:2 to 3,0
94,7,GPA:2 to 3,0
94,8,GPA:2 to 3,0
94,9,GPA:2 to 3,0
94,10,GPA:2 to 3,0
94,11,Not Enroll,0
94,12,Still Enro,9
95,1,GPA:2 to 3,0
95,2,GPA:2 to 3,0
95,3,GPA:2 to 3,0
95,4,GPA:2 to 3,0
95,5,GPA:2 to 3,0
95,6,GPA:2 to 3,0
95,7,GPA:2 to 3,0
95,8,GPA:2 to 3,0
95,9,GPA:2 to 3,0
95,10,GPA:<2,0
95,11,GPA:2 to 3,0
95,12,Grad,1
96,1,GPA:2 to 3,0
96,2,GPA:2 to 3,0
96,3,GPA:2 to 3,0
96,4,GPA:2 to 3,0
96,5,GPA:2 to 3,0
96,6,GPA:2 to 3,0
96,7,GPA:2 to 3,0
96,8,GPA:2 to 3,0
96,9,GPA:2 to 3,0
96,10,GPA:<2,0
96,11,GPA:<2,0
96,12,Dropouts,1
97,1,GPA:2 to 3,0
97,2,GPA:2 to 3,0
97,3,GPA:2 to 3,0
97,4,GPA:2 to 3,0
97,5,GPA:2 to 3,0
97,6,GPA:2 to 3,0
97,7,GPA:2 to 3,0
97,8,GPA:2 to 3,0
97,9,GPA:2 to 3,0
97,10,GPA:>3,0
97,11,GPA:>3,0
97,12,Still Enro,1
98,1,GPA:2 to 3,0
98,2,GPA:2 to 3,0
98,3,GPA:2 to 3,0
98,4,GPA:2 to 3,0
98,5,GPA:2 to 3,0
98,6,GPA:2 to 3,0
98,7,GPA:2 to 3,0
98,8,GPA:2 to 3,0
98,9,GPA:2 to 3,0
98,10,GPA:>3,0
98,11,Grad,3
99,1,GPA:2 to 3,0
99,2,GPA:2 to 3,0
99,3,GPA:2 to 3,0
99,4,GPA:2 to 3,0
99,5,GPA:2 to 3,0
99,6,GPA:2 to 3,0
99,7,GPA:2 to 3,0
99,8,GPA:2 to 3,0
99,9,GPA:2 to 3,0
99,10,Dropouts,11
100,1,GPA:2 to 3,0
100,2,GPA:2 to 3,0
100,3,GPA:2 to 3,0
100,4,GPA:2 to 3,0
100,5,GPA:2 to 3,0
100,6,GPA:2 to 3,0
100,7,GPA:2 to 3,0
100,8,GPA:2 to 3,0
100,9,GPA:2 to 3,0
100,10,Grad,92
101,1,GPA:2 to 3,0
101,2,GPA:2 to 3,0
101,3,GPA:2 to 3,0
101,4,GPA:2 to 3,0
101,5,GPA:2 to 3,0
101,6,GPA:2 to 3,0
101,7,GPA:2 to 3,0
101,8,GPA:2 to 3,0
101,9,GPA:2 to 3,0
101,10,Not Enroll,0
101,11,Grad,3
102,1,GPA:2 to 3,0
102,2,GPA:2 to 3,0
102,3,GPA:2 to 3,0
102,4,GPA:2 to 3,0
102,5,GPA:2 to 3,0
102,6,GPA:2 to 3,0
102,7,GPA:2 to 3,0
102,8,GPA:2 to 3,0
102,9,GPA:<2,0
102,10,Dropouts,1
103,1,GPA:2 to 3,0
103,2,GPA:2 to 3,0
103,3,GPA:2 to 3,0
103,4,GPA:2 to 3,0
103,5,GPA:2 to 3,0
103,6,GPA:2 to 3,0
103,7,GPA:2 to 3,0
103,8,GPA:2 to 3,0
103,9,GPA:>3,0
103,10,GPA:2 to 3,0
103,11,Dropouts,1
104,1,GPA:2 to 3,0
104,2,GPA:2 to 3,0
104,3,GPA:2 to 3,0
104,4,GPA:2 to 3,0
104,5,GPA:2 to 3,0
104,6,GPA:2 to 3,0
104,7,GPA:2 to 3,0
104,8,GPA:2 to 3,0
104,9,GPA:>3,0
104,10,GPA:>3,0
104,11,GPA:>3,0
104,12,Still Enro,2
105,1,GPA:2 to 3,0
105,2,GPA:2 to 3,0
105,3,GPA:2 to 3,0
105,4,GPA:2 to 3,0
105,5,GPA:2 to 3,0
105,6,GPA:2 to 3,0
105,7,GPA:2 to 3,0
105,8,GPA:2 to 3,0
105,9,GPA:>3,0
105,10,Grad,5
106,1,GPA:2 to 3,0
106,2,GPA:2 to 3,0
106,3,GPA:2 to 3,0
106,4,GPA:2 to 3,0
106,5,GPA:2 to 3,0
106,6,GPA:2 to 3,0
106,7,GPA:2 to 3,0
106,8,GPA:2 to 3,0
106,9,Dropouts,9
107,1,GPA:2 to 3,0
107,2,GPA:2 to 3,0
107,3,GPA:2 to 3,0
107,4,GPA:2 to 3,0
107,5,GPA:2 to 3,0
107,6,GPA:2 to 3,0
107,7,GPA:2 to 3,0
107,8,GPA:2 to 3,0
107,9,Grad,197
108,1,GPA:2 to 3,0
108,2,GPA:2 to 3,0
108,3,GPA:2 to 3,0
108,4,GPA:2 to 3,0
108,5,GPA:2 to 3,0
108,6,GPA:2 to 3,0
108,7,GPA:2 to 3,0
108,8,GPA:2 to 3,0
108,9,Not Enroll,0
108,10,GPA:2 to 3,0
108,11,GPA:2 to 3,0
108,12,Grad,1
109,1,GPA:2 to 3,0
109,2,GPA:2 to 3,0
109,3,GPA:2 to 3,0
109,4,GPA:2 to 3,0
109,5,GPA:2 to 3,0
109,6,GPA:2 to 3,0
109,7,GPA:2 to 3,0
109,8,GPA:2 to 3,0
109,9,Not Enroll,0
109,10,GPA:2 to 3,0
109,11,Dropouts,1
110,1,GPA:2 to 3,0
110,2,GPA:2 to 3,0
110,3,GPA:2 to 3,0
110,4,GPA:2 to 3,0
110,5,GPA:2 to 3,0
110,6,GPA:2 to 3,0
110,7,GPA:2 to 3,0
110,8,GPA:2 to 3,0
110,9,Not Enroll,0
110,10,GPA:2 to 3,0
110,11,Not Enroll,0
110,12,Still Enro,1
111,1,GPA:2 to 3,0
111,2,GPA:2 to 3,0
111,3,GPA:2 to 3,0
111,4,GPA:2 to 3,0
111,5,GPA:2 to 3,0
111,6,GPA:2 to 3,0
111,7,GPA:2 to 3,0
111,8,GPA:2 to 3,0
111,9,Not Enroll,0
111,10,Dropouts,2
112,1,GPA:2 to 3,0
112,2,GPA:2 to 3,0
112,3,GPA:2 to 3,0
112,4,GPA:2 to 3,0
112,5,GPA:2 to 3,0
112,6,GPA:2 to 3,0
112,7,GPA:2 to 3,0
112,8,GPA:2 to 3,0
112,9,Not Enroll,0
112,10,Grad,4
113,1,GPA:2 to 3,0
113,2,GPA:2 to 3,0
113,3,GPA:2 to 3,0
113,4,GPA:2 to 3,0
113,5,GPA:2 to 3,0
113,6,GPA:2 to 3,0
113,7,GPA:2 to 3,0
113,8,GPA:2 to 3,0
113,9,Not Enroll,0
113,10,Not Enroll,0
113,11,GPA:2 to 3,0
113,12,Dropouts,1
114,1,GPA:2 to 3,0
114,2,GPA:2 to 3,0
114,3,GPA:2 to 3,0
114,4,GPA:2 to 3,0
114,5,GPA:2 to 3,0
114,6,GPA:2 to 3,0
114,7,GPA:2 to 3,0
114,8,GPA:2 to 3,0
114,9,Not Enroll,0
114,10,Not Enroll,0
114,11,Grad,6
115,1,GPA:2 to 3,0
115,2,GPA:2 to 3,0
115,3,GPA:2 to 3,0
115,4,GPA:2 to 3,0
115,5,GPA:2 to 3,0
115,6,GPA:2 to 3,0
115,7,GPA:2 to 3,0
115,8,GPA:2 to 3,0
115,9,Not Enroll,0
115,10,Not Enroll,0
115,11,Not Enroll,0
115,12,Still Enro,3
116,1,GPA:2 to 3,0
116,2,GPA:2 to 3,0
116,3,GPA:2 to 3,0
116,4,GPA:2 to 3,0
116,5,GPA:2 to 3,0
116,6,GPA:2 to 3,0
116,7,GPA:2 to 3,0
116,8,GPA:<2,0
116,9,GPA:2 to 3,0
116,10,GPA:2 to 3,0
116,11,Dropouts,1
117,1,GPA:2 to 3,0
117,2,GPA:2 to 3,0
117,3,GPA:2 to 3,0
117,4,GPA:2 to 3,0
117,5,GPA:2 to 3,0
117,6,GPA:2 to 3,0
117,7,GPA:2 to 3,0
117,8,GPA:<2,0
117,9,Dropouts,2
118,1,GPA:2 to 3,0
118,2,GPA:2 to 3,0
118,3,GPA:2 to 3,0
118,4,GPA:2 to 3,0
118,5,GPA:2 to 3,0
118,6,GPA:2 to 3,0
118,7,GPA:2 to 3,0
118,8,GPA:>3,0
118,9,GPA:2 to 3,0
118,10,GPA:2 to 3,0
118,11,GPA:2 to 3,0
118,12,Still Enro,1
119,1,GPA:2 to 3,0
119,2,GPA:2 to 3,0
119,3,GPA:2 to 3,0
119,4,GPA:2 to 3,0
119,5,GPA:2 to 3,0
119,6,GPA:2 to 3,0
119,7,GPA:2 to 3,0
119,8,GPA:>3,0
119,9,GPA:>3,0
119,10,GPA:>3,0
119,11,Grad,1
120,1,GPA:2 to 3,0
120,2,GPA:2 to 3,0
120,3,GPA:2 to 3,0
120,4,GPA:2 to 3,0
120,5,GPA:2 to 3,0
120,6,GPA:2 to 3,0
120,7,GPA:2 to 3,0
120,8,GPA:>3,0
120,9,GPA:>3,0
120,10,Grad,3
121,1,GPA:2 to 3,0
121,2,GPA:2 to 3,0
121,3,GPA:2 to 3,0
121,4,GPA:2 to 3,0
121,5,GPA:2 to 3,0
121,6,GPA:2 to 3,0
121,7,GPA:2 to 3,0
121,8,GPA:>3,0
121,9,Grad,18
122,1,GPA:2 to 3,0
122,2,GPA:2 to 3,0
122,3,GPA:2 to 3,0
122,4,GPA:2 to 3,0
122,5,GPA:2 to 3,0
122,6,GPA:2 to 3,0
122,7,GPA:2 to 3,0
122,8,Dropouts,13
123,1,GPA:2 to 3,0
123,2,GPA:2 to 3,0
123,3,GPA:2 to 3,0
123,4,GPA:2 to 3,0
123,5,GPA:2 to 3,0
123,6,GPA:2 to 3,0
123,7,GPA:2 to 3,0
123,8,Grad,142
124,1,GPA:2 to 3,0
124,2,GPA:2 to 3,0
124,3,GPA:2 to 3,0
124,4,GPA:2 to 3,0
124,5,GPA:2 to 3,0
124,6,GPA:2 to 3,0
124,7,GPA:2 to 3,0
124,8,Not Enroll,0
124,9,GPA:2 to 3,0
124,10,GPA:2 to 3,0
124,11,Grad,1
125,1,GPA:2 to 3,0
125,2,GPA:2 to 3,0
125,3,GPA:2 to 3,0
125,4,GPA:2 to 3,0
125,5,GPA:2 to 3,0
125,6,GPA:2 to 3,0
125,7,GPA:2 to 3,0
125,8,Not Enroll,0
125,9,Grad,1
126,1,GPA:2 to 3,0
126,2,GPA:2 to 3,0
126,3,GPA:2 to 3,0
126,4,GPA:2 to 3,0
126,5,GPA:2 to 3,0
126,6,GPA:2 to 3,0
126,7,GPA:2 to 3,0
126,8,Not Enroll,0
126,9,Not Enroll,0
126,10,Not Enroll,0
126,11,Not Enroll,0
126,12,Still Enro,1
127,1,GPA:2 to 3,0
127,2,GPA:2 to 3,0
127,3,GPA:2 to 3,0
127,4,GPA:2 to 3,0
127,5,GPA:2 to 3,0
127,6,GPA:2 to 3,0
127,7,GPA:<2,0
127,8,GPA:2 to 3,0
127,9,GPA:2 to 3,0
127,10,GPA:2 to 3,0
127,11,Grad,1
128,1,GPA:2 to 3,0
128,2,GPA:2 to 3,0
128,3,GPA:2 to 3,0
128,4,GPA:2 to 3,0
128,5,GPA:2 to 3,0
128,6,GPA:2 to 3,0
128,7,GPA:<2,0
128,8,GPA:2 to 3,0
128,9,GPA:2 to 3,0
128,10,GPA:<2,0
128,11,Dropouts,1
129,1,GPA:2 to 3,0
129,2,GPA:2 to 3,0
129,3,GPA:2 to 3,0
129,4,GPA:2 to 3,0
129,5,GPA:2 to 3,0
129,6,GPA:2 to 3,0
129,7,GPA:<2,0
129,8,GPA:<2,0
129,9,GPA:2 to 3,0
129,10,GPA:2 to 3,0
129,11,GPA:2 to 3,0
129,12,Still Enro,1
130,1,GPA:2 to 3,0
130,2,GPA:2 to 3,0
130,3,GPA:2 to 3,0
130,4,GPA:2 to 3,0
130,5,GPA:2 to 3,0
130,6,GPA:2 to 3,0
130,7,GPA:<2,0
130,8,GPA:<2,0
130,9,GPA:2 to 3,0
130,10,GPA:<2,0
130,11,Grad,1
131,1,GPA:2 to 3,0
131,2,GPA:2 to 3,0
131,3,GPA:2 to 3,0
131,4,GPA:2 to 3,0
131,5,GPA:2 to 3,0
131,6,GPA:2 to 3,0
131,7,GPA:<2,0
131,8,GPA:<2,0
131,9,GPA:2 to 3,0
131,10,Grad,2
132,1,GPA:2 to 3,0
132,2,GPA:2 to 3,0
132,3,GPA:2 to 3,0
132,4,GPA:2 to 3,0
132,5,GPA:2 to 3,0
132,6,GPA:2 to 3,0
132,7,GPA:<2,0
132,8,GPA:<2,0
132,9,GPA:<2,0
132,10,Dropouts,2
133,1,GPA:2 to 3,0
133,2,GPA:2 to 3,0
133,3,GPA:2 to 3,0
133,4,GPA:2 to 3,0
133,5,GPA:2 to 3,0
133,6,GPA:2 to 3,0
133,7,GPA:<2,0
133,8,GPA:<2,0
133,9,Dropouts,1
134,1,GPA:2 to 3,0
134,2,GPA:2 to 3,0
134,3,GPA:2 to 3,0
134,4,GPA:2 to 3,0
134,5,GPA:2 to 3,0
134,6,GPA:2 to 3,0
134,7,GPA:<2,0
134,8,GPA:<2,0
134,9,Not Enroll,0
134,10,Dropouts,1
135,1,GPA:2 to 3,0
135,2,GPA:2 to 3,0
135,3,GPA:2 to 3,0
135,4,GPA:2 to 3,0
135,5,GPA:2 to 3,0
135,6,GPA:2 to 3,0
135,7,GPA:<2,0
135,8,Not Enroll,0
135,9,Not Enroll,0
135,10,Not Enroll,0
135,11,Not Enroll,0
135,12,Still Enro,1
136,1,GPA:2 to 3,0
136,2,GPA:2 to 3,0
136,3,GPA:2 to 3,0
136,4,GPA:2 to 3,0
136,5,GPA:2 to 3,0
136,6,GPA:2 to 3,0
136,7,GPA:>3,0
136,8,GPA:2 to 3,0
136,9,GPA:2 to 3,0
136,10,GPA:2 to 3,0
136,11,Grad,3
137,1,GPA:2 to 3,0
137,2,GPA:2 to 3,0
137,3,GPA:2 to 3,0
137,4,GPA:2 to 3,0
137,5,GPA:2 to 3,0
137,6,GPA:2 to 3,0
137,7,GPA:>3,0
137,8,GPA:2 to 3,0
137,9,Grad,2
138,1,GPA:2 to 3,0
138,2,GPA:2 to 3,0
138,3,GPA:2 to 3,0
138,4,GPA:2 to 3,0
138,5,GPA:2 to 3,0
138,6,GPA:2 to 3,0
138,7,GPA:>3,0
138,8,GPA:>3,0
138,9,GPA:2 to 3,0
138,10,GPA:2 to 3,0
138,11,Grad,1
139,1,GPA:2 to 3,0
139,2,GPA:2 to 3,0
139,3,GPA:2 to 3,0
139,4,GPA:2 to 3,0
139,5,GPA:2 to 3,0
139,6,GPA:2 to 3,0
139,7,GPA:>3,0
139,8,GPA:>3,0
139,9,GPA:>3,0
139,10,GPA:2 to 3,0
139,11,Grad,1
140,1,GPA:2 to 3,0
140,2,GPA:2 to 3,0
140,3,GPA:2 to 3,0
140,4,GPA:2 to 3,0
140,5,GPA:2 to 3,0
140,6,GPA:2 to 3,0
140,7,GPA:>3,0
140,8,GPA:>3,0
140,9,GPA:>3,0
140,10,GPA:>3,0
140,11,Grad,2
141,1,GPA:2 to 3,0
141,2,GPA:2 to 3,0
141,3,GPA:2 to 3,0
141,4,GPA:2 to 3,0
141,5,GPA:2 to 3,0
141,6,GPA:2 to 3,0
141,7,GPA:>3,0
141,8,GPA:>3,0
141,9,GPA:>3,0
141,10,Grad,10
142,1,GPA:2 to 3,0
142,2,GPA:2 to 3,0
142,3,GPA:2 to 3,0
142,4,GPA:2 to 3,0
142,5,GPA:2 to 3,0
142,6,GPA:2 to 3,0
142,7,GPA:>3,0
142,8,GPA:>3,0
142,9,GPA:>3,0
142,10,Not Enroll,0
142,11,Grad,1
143,1,GPA:2 to 3,0
143,2,GPA:2 to 3,0
143,3,GPA:2 to 3,0
143,4,GPA:2 to 3,0
143,5,GPA:2 to 3,0
143,6,GPA:2 to 3,0
143,7,GPA:>3,0
143,8,GPA:>3,0
143,9,Grad,14
144,1,GPA:2 to 3,0
144,2,GPA:2 to 3,0
144,3,GPA:2 to 3,0
144,4,GPA:2 to 3,0
144,5,GPA:2 to 3,0
144,6,GPA:2 to 3,0
144,7,GPA:>3,0
144,8,Grad,23
145,1,GPA:2 to 3,0
145,2,GPA:2 to 3,0
145,3,GPA:2 to 3,0
145,4,GPA:2 to 3,0
145,5,GPA:2 to 3,0
145,6,GPA:2 to 3,0
145,7,Dropouts,6
146,1,GPA:2 to 3,0
146,2,GPA:2 to 3,0
146,3,GPA:2 to 3,0
146,4,GPA:2 to 3,0
146,5,GPA:2 to 3,0
146,6,GPA:2 to 3,0
146,7,Grad,16
147,1,GPA:2 to 3,0
147,2,GPA:2 to 3,0
147,3,GPA:2 to 3,0
147,4,GPA:2 to 3,0
147,5,GPA:2 to 3,0
147,6,GPA:2 to 3,0
147,7,Not Enroll,0
147,8,GPA:2 to 3,0
147,9,GPA:2 to 3,0
147,10,GPA:2 to 3,0
147,11,Grad,1
148,1,GPA:2 to 3,0
148,2,GPA:2 to 3,0
148,3,GPA:2 to 3,0
148,4,GPA:2 to 3,0
148,5,GPA:2 to 3,0
148,6,GPA:2 to 3,0
148,7,Not Enroll,0
148,8,GPA:2 to 3,0
148,9,GPA:2 to 3,0
148,10,Grad,1
149,1,GPA:2 to 3,0
149,2,GPA:2 to 3,0
149,3,GPA:2 to 3,0
149,4,GPA:2 to 3,0
149,5,GPA:2 to 3,0
149,6,GPA:2 to 3,0
149,7,Not Enroll,0
149,8,Not Enroll,0
149,9,GPA:2 to 3,0
149,10,GPA:2 to 3,0
149,11,GPA:2 to 3,0
149,12,Grad,1
150,1,GPA:2 to 3,0
150,2,GPA:2 to 3,0
150,3,GPA:2 to 3,0
150,4,GPA:2 to 3,0
150,5,GPA:2 to 3,0
150,6,GPA:2 to 3,0
150,7,Not Enroll,0
150,8,Not Enroll,0
150,9,GPA:2 to 3,0
150,10,GPA:2 to 3,0
150,11,GPA:2 to 3,0
150,12,Still Enro,1
151,1,GPA:2 to 3,0
151,2,GPA:2 to 3,0
151,3,GPA:2 to 3,0
151,4,GPA:2 to 3,0
151,5,GPA:2 to 3,0
151,6,GPA:2 to 3,0
151,7,Not Enroll,0
151,8,Not Enroll,0
151,9,Not Enroll,0
151,10,Not Enroll,0
151,11,GPA:2 to 3,0
151,12,Still Enro,1
152,1,GPA:2 to 3,0
152,2,GPA:2 to 3,0
152,3,GPA:2 to 3,0
152,4,GPA:2 to 3,0
152,5,GPA:2 to 3,0
152,6,GPA:<2,0
152,7,GPA:2 to 3,0
152,8,GPA:2 to 3,0
152,9,GPA:2 to 3,0
152,10,GPA:2 to 3,0
152,11,GPA:2 to 3,0
152,12,Still Enro,1
153,1,GPA:2 to 3,0
153,2,GPA:2 to 3,0
153,3,GPA:2 to 3,0
153,4,GPA:2 to 3,0
153,5,GPA:2 to 3,0
153,6,GPA:<2,0
153,7,GPA:2 to 3,0
153,8,GPA:2 to 3,0
153,9,GPA:2 to 3,0
153,10,GPA:2 to 3,0
153,11,Not Enroll,0
153,12,Still Enro,1
154,1,GPA:2 to 3,0
154,2,GPA:2 to 3,0
154,3,GPA:2 to 3,0
154,4,GPA:2 to 3,0
154,5,GPA:2 to 3,0
154,6,GPA:<2,0
154,7,GPA:2 to 3,0
154,8,GPA:2 to 3,0
154,9,GPA:2 to 3,0
154,10,Not Enroll,0
154,11,Not Enroll,0
154,12,Dropouts,1
155,1,GPA:2 to 3,0
155,2,GPA:2 to 3,0
155,3,GPA:2 to 3,0
155,4,GPA:2 to 3,0
155,5,GPA:2 to 3,0
155,6,GPA:<2,0
155,7,GPA:2 to 3,0
155,8,GPA:2 to 3,0
155,9,GPA:2 to 3,0
155,10,Not Enroll,0
155,11,Not Enroll,0
155,12,Still Enro,1
156,1,GPA:2 to 3,0
156,2,GPA:2 to 3,0
156,3,GPA:2 to 3,0
156,4,GPA:2 to 3,0
156,5,GPA:2 to 3,0
156,6,GPA:<2,0
156,7,GPA:2 to 3,0
156,8,GPA:2 to 3,0
156,9,Dropouts,1
157,1,GPA:2 to 3,0
157,2,GPA:2 to 3,0
157,3,GPA:2 to 3,0
157,4,GPA:2 to 3,0
157,5,GPA:2 to 3,0
157,6,GPA:<2,0
157,7,GPA:2 to 3,0
157,8,Dropouts,2
158,1,GPA:2 to 3,0
158,2,GPA:2 to 3,0
158,3,GPA:2 to 3,0
158,4,GPA:2 to 3,0
158,5,GPA:2 to 3,0
158,6,GPA:<2,0
158,7,GPA:<2,0
158,8,GPA:2 to 3,0
158,9,Grad,1
159,1,GPA:2 to 3,0
159,2,GPA:2 to 3,0
159,3,GPA:2 to 3,0
159,4,GPA:2 to 3,0
159,5,GPA:2 to 3,0
159,6,GPA:<2,0
159,7,GPA:<2,0
159,8,GPA:<2,0
159,9,GPA:<2,0
159,10,GPA:2 to 3,0
159,11,GPA:2 to 3,0
159,12,Still Enro,1
160,1,GPA:2 to 3,0
160,2,GPA:2 to 3,0
160,3,GPA:2 to 3,0
160,4,GPA:2 to 3,0
160,5,GPA:2 to 3,0
160,6,GPA:<2,0
160,7,GPA:<2,0
160,8,Dropouts,1
161,1,GPA:2 to 3,0
161,2,GPA:2 to 3,0
161,3,GPA:2 to 3,0
161,4,GPA:2 to 3,0
161,5,GPA:2 to 3,0
161,6,GPA:<2,0
161,7,Dropouts,4
162,1,GPA:2 to 3,0
162,2,GPA:2 to 3,0
162,3,GPA:2 to 3,0
162,4,GPA:2 to 3,0
162,5,GPA:2 to 3,0
162,6,GPA:>3,0
162,7,GPA:2 to 3,0
162,8,GPA:2 to 3,0
162,9,GPA:2 to 3,0
162,10,Grad,1
163,1,GPA:2 to 3,0
163,2,GPA:2 to 3,0
163,3,GPA:2 to 3,0
163,4,GPA:2 to 3,0
163,5,GPA:2 to 3,0
163,6,GPA:>3,0
163,7,GPA:2 to 3,0
163,8,GPA:2 to 3,0
163,9,Grad,1
164,1,GPA:2 to 3,0
164,2,GPA:2 to 3,0
164,3,GPA:2 to 3,0
164,4,GPA:2 to 3,0
164,5,GPA:2 to 3,0
164,6,GPA:>3,0
164,7,GPA:2 to 3,0
164,8,GPA:>3,0
164,9,Grad,1
165,1,GPA:2 to 3,0
165,2,GPA:2 to 3,0
165,3,GPA:2 to 3,0
165,4,GPA:2 to 3,0
165,5,GPA:2 to 3,0
165,6,GPA:>3,0
165,7,GPA:2 to 3,0
165,8,Grad,2
166,1,GPA:2 to 3,0
166,2,GPA:2 to 3,0
166,3,GPA:2 to 3,0
166,4,GPA:2 to 3,0
166,5,GPA:2 to 3,0
166,6,GPA:>3,0
166,7,GPA:>3,0
166,8,GPA:2 to 3,0
166,9,Grad,1
167,1,GPA:2 to 3,0
167,2,GPA:2 to 3,0
167,3,GPA:2 to 3,0
167,4,GPA:2 to 3,0
167,5,GPA:2 to 3,0
167,6,GPA:>3,0
167,7,GPA:>3,0
167,8,GPA:>3,0
167,9,GPA:>3,0
167,10,GPA:>3,0
167,11,Grad,2
168,1,GPA:2 to 3,0
168,2,GPA:2 to 3,0
168,3,GPA:2 to 3,0
168,4,GPA:2 to 3,0
168,5,GPA:2 to 3,0
168,6,GPA:>3,0
168,7,GPA:>3,0
168,8,GPA:>3,0
168,9,GPA:>3,0
168,10,Grad,8
169,1,GPA:2 to 3,0
169,2,GPA:2 to 3,0
169,3,GPA:2 to 3,0
169,4,GPA:2 to 3,0
169,5,GPA:2 to 3,0
169,6,GPA:>3,0
169,7,GPA:>3,0
169,8,GPA:>3,0
169,9,Grad,17
170,1,GPA:2 to 3,0
170,2,GPA:2 to 3,0
170,3,GPA:2 to 3,0
170,4,GPA:2 to 3,0
170,5,GPA:2 to 3,0
170,6,GPA:>3,0
170,7,GPA:>3,0
170,8,Grad,19
171,1,GPA:2 to 3,0
171,2,GPA:2 to 3,0
171,3,GPA:2 to 3,0
171,4,GPA:2 to 3,0
171,5,GPA:2 to 3,0
171,6,GPA:>3,0
171,7,GPA:>3,0
171,8,Not Enroll,0
171,9,GPA:>3,0
171,10,Grad,1
172,1,GPA:2 to 3,0
172,2,GPA:2 to 3,0
172,3,GPA:2 to 3,0
172,4,GPA:2 to 3,0
172,5,GPA:2 to 3,0
172,6,GPA:>3,0
172,7,Grad,1
173,1,GPA:2 to 3,0
173,2,GPA:2 to 3,0
173,3,GPA:2 to 3,0
173,4,GPA:2 to 3,0
173,5,GPA:2 to 3,0
173,6,Dropouts,12
174,1,GPA:2 to 3,0
174,2,GPA:2 to 3,0
174,3,GPA:2 to 3,0
174,4,GPA:2 to 3,0
174,5,GPA:2 to 3,0
174,6,Not Enroll,0
174,7,GPA:2 to 3,0
174,8,GPA:2 to 3,0
174,9,GPA:2 to 3,0
174,10,Grad,1
175,1,GPA:2 to 3,0
175,2,GPA:2 to 3,0
175,3,GPA:2 to 3,0
175,4,GPA:2 to 3,0
175,5,GPA:2 to 3,0
175,6,Not Enroll,0
175,7,GPA:2 to 3,0
175,8,GPA:2 to 3,0
175,9,GPA:2 to 3,0
175,10,Not Enroll,0
175,11,Not Enroll,0
175,12,Still Enro,1
176,1,GPA:2 to 3,0
176,2,GPA:2 to 3,0
176,3,GPA:2 to 3,0
176,4,GPA:2 to 3,0
176,5,GPA:2 to 3,0
176,6,Not Enroll,0
176,7,GPA:2 to 3,0
176,8,GPA:>3,0
176,9,GPA:>3,0
176,10,Grad,1
177,1,GPA:2 to 3,0
177,2,GPA:2 to 3,0
177,3,GPA:2 to 3,0
177,4,GPA:2 to 3,0
177,5,GPA:2 to 3,0
177,6,Not Enroll,0
177,7,GPA:>3,0
177,8,GPA:2 to 3,0
177,9,Not Enroll,0
177,10,Grad,1
178,1,GPA:2 to 3,0
178,2,GPA:2 to 3,0
178,3,GPA:2 to 3,0
178,4,GPA:2 to 3,0
178,5,GPA:2 to 3,0
178,6,Not Enroll,0
178,7,Not Enroll,0
178,8,GPA:2 to 3,0
178,9,GPA:2 to 3,0
178,10,Grad,1
179,1,GPA:2 to 3,0
179,2,GPA:2 to 3,0
179,3,GPA:2 to 3,0
179,4,GPA:2 to 3,0
179,5,GPA:2 to 3,0
179,6,Not Enroll,0
179,7,Not Enroll,0
179,8,Dropouts,1
180,1,GPA:2 to 3,0
180,2,GPA:2 to 3,0
180,3,GPA:2 to 3,0
180,4,GPA:2 to 3,0
180,5,GPA:2 to 3,0
180,6,Not Enroll,0
180,7,Not Enroll,0
180,8,Not Enroll,0
180,9,Not Enroll,0
180,10,Not Enroll,0
180,11,Dropouts,1
181,1,GPA:2 to 3,0
181,2,GPA:2 to 3,0
181,3,GPA:2 to 3,0
181,4,GPA:2 to 3,0
181,5,GPA:<2,0
181,6,GPA:2 to 3,0
181,7,GPA:2 to 3,0
181,8,GPA:2 to 3,0
181,9,GPA:2 to 3,0
181,10,GPA:2 to 3,0
181,11,Dropouts,1
182,1,GPA:2 to 3,0
182,2,GPA:2 to 3,0
182,3,GPA:2 to 3,0
182,4,GPA:2 to 3,0
182,5,GPA:<2,0
182,6,GPA:2 to 3,0
182,7,GPA:2 to 3,0
182,8,GPA:2 to 3,0
182,9,GPA:2 to 3,0
182,10,GPA:2 to 3,0
182,11,Grad,2
183,1,GPA:2 to 3,0
183,2,GPA:2 to 3,0
183,3,GPA:2 to 3,0
183,4,GPA:2 to 3,0
183,5,GPA:<2,0
183,6,GPA:2 to 3,0
183,7,GPA:2 to 3,0
183,8,GPA:2 to 3,0
183,9,Grad,1
184,1,GPA:2 to 3,0
184,2,GPA:2 to 3,0
184,3,GPA:2 to 3,0
184,4,GPA:2 to 3,0
184,5,GPA:<2,0
184,6,GPA:2 to 3,0
184,7,GPA:2 to 3,0
184,8,GPA:2 to 3,0
184,9,Not Enroll,0
184,10,Not Enroll,0
184,11,Grad,1
185,1,GPA:2 to 3,0
185,2,GPA:2 to 3,0
185,3,GPA:2 to 3,0
185,4,GPA:2 to 3,0
185,5,GPA:<2,0
185,6,GPA:2 to 3,0
185,7,GPA:2 to 3,0
185,8,GPA:<2,0
185,9,Not Enroll,0
185,10,GPA:2 to 3,0
185,11,Grad,1
186,1,GPA:2 to 3,0
186,2,GPA:2 to 3,0
186,3,GPA:2 to 3,0
186,4,GPA:2 to 3,0
186,5,GPA:<2,0
186,6,GPA:2 to 3,0
186,7,GPA:2 to 3,0
186,8,GPA:<2,0
186,9,Not Enroll,0
186,10,Not Enroll,0
186,11,Dropouts,1
187,1,GPA:2 to 3,0
187,2,GPA:2 to 3,0
187,3,GPA:2 to 3,0
187,4,GPA:2 to 3,0
187,5,GPA:<2,0
187,6,GPA:2 to 3,0
187,7,GPA:<2,0
187,8,GPA:2 to 3,0
187,9,GPA:2 to 3,0
187,10,GPA:2 to 3,0
187,11,GPA:2 to 3,0
187,12,Still Enro,1
188,1,GPA:2 to 3,0
188,2,GPA:2 to 3,0
188,3,GPA:2 to 3,0
188,4,GPA:2 to 3,0
188,5,GPA:<2,0
188,6,GPA:2 to 3,0
188,7,GPA:<2,0
188,8,Dropouts,1
189,1,GPA:2 to 3,0
189,2,GPA:2 to 3,0
189,3,GPA:2 to 3,0
189,4,GPA:2 to 3,0
189,5,GPA:<2,0
189,6,GPA:<2,0
189,7,GPA:2 to 3,0
189,8,GPA:2 to 3,0
189,9,GPA:2 to 3,0
189,10,GPA:2 to 3,0
189,11,Grad,1
190,1,GPA:2 to 3,0
190,2,GPA:2 to 3,0
190,3,GPA:2 to 3,0
190,4,GPA:2 to 3,0
190,5,GPA:<2,0
190,6,GPA:<2,0
190,7,GPA:<2,0
190,8,GPA:2 to 3,0
190,9,GPA:2 to 3,0
190,10,GPA:2 to 3,0
190,11,Grad,1
191,1,GPA:2 to 3,0
191,2,GPA:2 to 3,0
191,3,GPA:2 to 3,0
191,4,GPA:2 to 3,0
191,5,GPA:<2,0
191,6,GPA:<2,0
191,7,GPA:<2,0
191,8,GPA:2 to 3,0
191,9,GPA:2 to 3,0
191,10,GPA:2 to 3,0
191,11,Not Enroll,0
191,12,Still Enro,1
192,1,GPA:2 to 3,0
192,2,GPA:2 to 3,0
192,3,GPA:2 to 3,0
192,4,GPA:2 to 3,0
192,5,GPA:<2,0
192,6,GPA:<2,0
192,7,GPA:<2,0
192,8,GPA:<2,0
192,9,Grad,1
193,1,GPA:2 to 3,0
193,2,GPA:2 to 3,0
193,3,GPA:2 to 3,0
193,4,GPA:2 to 3,0
193,5,GPA:<2,0
193,6,GPA:<2,0
193,7,GPA:<2,0
193,8,Dropouts,1
194,1,GPA:2 to 3,0
194,2,GPA:2 to 3,0
194,3,GPA:2 to 3,0
194,4,GPA:2 to 3,0
194,5,GPA:<2,0
194,6,GPA:<2,0
194,7,Not Enroll,0
194,8,Not Enroll,0
194,9,GPA:2 to 3,0
194,10,GPA:2 to 3,0
194,11,GPA:2 to 3,0
194,12,Grad,1
195,1,GPA:2 to 3,0
195,2,GPA:2 to 3,0
195,3,GPA:2 to 3,0
195,4,GPA:2 to 3,0
195,5,GPA:<2,0
195,6,Dropouts,6
196,1,GPA:2 to 3,0
196,2,GPA:2 to 3,0
196,3,GPA:2 to 3,0
196,4,GPA:2 to 3,0
196,5,GPA:<2,0
196,6,Not Enroll,0
196,7,GPA:2 to 3,0
196,8,Dropouts,1
197,1,GPA:2 to 3,0
197,2,GPA:2 to 3,0
197,3,GPA:2 to 3,0
197,4,GPA:2 to 3,0
197,5,GPA:<2,0
197,6,Not Enroll,0
197,7,GPA:<2,0
197,8,Not Enroll,0
197,9,GPA:2 to 3,0
197,10,GPA:2 to 3,0
197,11,GPA:2 to 3,0
197,12,Still Enro,1
198,1,GPA:2 to 3,0
198,2,GPA:2 to 3,0
198,3,GPA:2 to 3,0
198,4,GPA:2 to 3,0
198,5,GPA:<2,0
198,6,Not Enroll,0
198,7,Not Enroll,0
198,8,GPA:2 to 3,0
198,9,GPA:2 to 3,0
198,10,Not Enroll,0
198,11,Not Enroll,0
198,12,Still Enro,1
199,1,GPA:2 to 3,0
199,2,GPA:2 to 3,0
199,3,GPA:2 to 3,0
199,4,GPA:2 to 3,0
199,5,GPA:>3,0
199,6,GPA:2 to 3,0
199,7,GPA:2 to 3,0
199,8,GPA:2 to 3,0
199,9,GPA:2 to 3,0
199,10,GPA:2 to 3,0
199,11,Grad,1
200,1,GPA:2 to 3,0
200,2,GPA:2 to 3,0
200,3,GPA:2 to 3,0
200,4,GPA:2 to 3,0
200,5,GPA:>3,0
200,6,GPA:2 to 3,0
200,7,GPA:2 to 3,0
200,8,GPA:2 to 3,0
200,9,GPA:2 to 3,0
200,10,GPA:>3,0
200,11,Grad,1
201,1,GPA:2 to 3,0
201,2,GPA:2 to 3,0
201,3,GPA:2 to 3,0
201,4,GPA:2 to 3,0
201,5,GPA:>3,0
201,6,GPA:2 to 3,0
201,7,GPA:2 to 3,0
201,8,GPA:2 to 3,0
201,9,GPA:2 to 3,0
201,10,Grad,2
202,1,GPA:2 to 3,0
202,2,GPA:2 to 3,0
202,3,GPA:2 to 3,0
202,4,GPA:2 to 3,0
202,5,GPA:>3,0
202,6,GPA:2 to 3,0
202,7,GPA:2 to 3,0
202,8,GPA:2 to 3,0
202,9,Grad,2
203,1,GPA:2 to 3,0
203,2,GPA:2 to 3,0
203,3,GPA:2 to 3,0
203,4,GPA:2 to 3,0
203,5,GPA:>3,0
203,6,GPA:2 to 3,0
203,7,GPA:2 to 3,0
203,8,GPA:>3,0
203,9,GPA:>3,0
203,10,Grad,1
204,1,GPA:2 to 3,0
204,2,GPA:2 to 3,0
204,3,GPA:2 to 3,0
204,4,GPA:2 to 3,0
204,5,GPA:>3,0
204,6,GPA:2 to 3,0
204,7,GPA:2 to 3,0
204,8,Grad,5
205,1,GPA:2 to 3,0
205,2,GPA:2 to 3,0
205,3,GPA:2 to 3,0
205,4,GPA:2 to 3,0
205,5,GPA:>3,0
205,6,GPA:2 to 3,0
205,7,GPA:>3,0
205,8,GPA:>3,0
205,9,GPA:>3,0
205,10,GPA:>3,0
205,11,GPA:>3,0
205,12,Grad,1
206,1,GPA:2 to 3,0
206,2,GPA:2 to 3,0
206,3,GPA:2 to 3,0
206,4,GPA:2 to 3,0
206,5,GPA:>3,0
206,6,GPA:2 to 3,0
206,7,GPA:>3,0
206,8,GPA:>3,0
206,9,GPA:>3,0
206,10,Grad,1
207,1,GPA:2 to 3,0
207,2,GPA:2 to 3,0
207,3,GPA:2 to 3,0
207,4,GPA:2 to 3,0
207,5,GPA:>3,0
207,6,GPA:2 to 3,0
207,7,GPA:>3,0
207,8,GPA:>3,0
207,9,Grad,1
208,1,GPA:2 to 3,0
208,2,GPA:2 to 3,0
208,3,GPA:2 to 3,0
208,4,GPA:2 to 3,0
208,5,GPA:>3,0
208,6,GPA:2 to 3,0
208,7,GPA:>3,0
208,8,Grad,3
209,1,GPA:2 to 3,0
209,2,GPA:2 to 3,0
209,3,GPA:2 to 3,0
209,4,GPA:2 to 3,0
209,5,GPA:>3,0
209,6,GPA:2 to 3,0
209,7,Grad,1
210,1,GPA:2 to 3,0
210,2,GPA:2 to 3,0
210,3,GPA:2 to 3,0
210,4,GPA:2 to 3,0
210,5,GPA:>3,0
210,6,GPA:>3,0
210,7,GPA:2 to 3,0
210,8,GPA:2 to 3,0
210,9,Grad,1
211,1,GPA:2 to 3,0
211,2,GPA:2 to 3,0
211,3,GPA:2 to 3,0
211,4,GPA:2 to 3,0
211,5,GPA:>3,0
211,6,GPA:>3,0
211,7,GPA:2 to 3,0
211,8,GPA:>3,0
211,9,Grad,1
212,1,GPA:2 to 3,0
212,2,GPA:2 to 3,0
212,3,GPA:2 to 3,0
212,4,GPA:2 to 3,0
212,5,GPA:>3,0
212,6,GPA:>3,0
212,7,GPA:>3,0
212,8,GPA:2 to 3,0
212,9,GPA:2 to 3,0
212,10,GPA:2 to 3,0
212,11,Grad,1
213,1,GPA:2 to 3,0
213,2,GPA:2 to 3,0
213,3,GPA:2 to 3,0
213,4,GPA:2 to 3,0
213,5,GPA:>3,0
213,6,GPA:>3,0
213,7,GPA:>3,0
213,8,GPA:>3,0
213,9,GPA:>3,0
213,10,GPA:>3,0
213,11,GPA:>3,0
213,12,Grad,1
214,1,GPA:2 to 3,0
214,2,GPA:2 to 3,0
214,3,GPA:2 to 3,0
214,4,GPA:2 to 3,0
214,5,GPA:>3,0
214,6,GPA:>3,0
214,7,GPA:>3,0
214,8,GPA:>3,0
214,9,GPA:>3,0
214,10,GPA:>3,0
214,11,Grad,5
215,1,GPA:2 to 3,0
215,2,GPA:2 to 3,0
215,3,GPA:2 to 3,0
215,4,GPA:2 to 3,0
215,5,GPA:>3,0
215,6,GPA:>3,0
215,7,GPA:>3,0
215,8,GPA:>3,0
215,9,GPA:>3,0
215,10,Grad,8
216,1,GPA:2 to 3,0
216,2,GPA:2 to 3,0
216,3,GPA:2 to 3,0
216,4,GPA:2 to 3,0
216,5,GPA:>3,0
216,6,GPA:>3,0
216,7,GPA:>3,0
216,8,GPA:>3,0
216,9,Grad,23
217,1,GPA:2 to 3,0
217,2,GPA:2 to 3,0
217,3,GPA:2 to 3,0
217,4,GPA:2 to 3,0
217,5,GPA:>3,0
217,6,GPA:>3,0
217,7,GPA:>3,0
217,8,GPA:>3,0
217,9,Not Enroll,0
217,10,Not Enroll,0
217,11,GPA:>3,0
217,12,Still Enro,1
218,1,GPA:2 to 3,0
218,2,GPA:2 to 3,0
218,3,GPA:2 to 3,0
218,4,GPA:2 to 3,0
218,5,GPA:>3,0
218,6,GPA:>3,0
218,7,GPA:>3,0
218,8,Grad,44
219,1,GPA:2 to 3,0
219,2,GPA:2 to 3,0
219,3,GPA:2 to 3,0
219,4,GPA:2 to 3,0
219,5,GPA:>3,0
219,6,GPA:>3,0
219,7,Grad,4
220,1,GPA:2 to 3,0
220,2,GPA:2 to 3,0
220,3,GPA:2 to 3,0
220,4,GPA:2 to 3,0
220,5,GPA:>3,0
220,6,GPA:>3,0
220,7,Not Enroll,0
220,8,GPA:>3,0
220,9,Grad,2
221,1,GPA:2 to 3,0
221,2,GPA:2 to 3,0
221,3,GPA:2 to 3,0
221,4,GPA:2 to 3,0
221,5,GPA:>3,0
221,6,Grad,1
222,1,GPA:2 to 3,0
222,2,GPA:2 to 3,0
222,3,GPA:2 to 3,0
222,4,GPA:2 to 3,0
222,5,Dropouts,14
223,1,GPA:2 to 3,0
223,2,GPA:2 to 3,0
223,3,GPA:2 to 3,0
223,4,GPA:2 to 3,0
223,5,Not Enroll,0
223,6,GPA:2 to 3,0
223,7,GPA:2 to 3,0
223,8,GPA:2 to 3,0
223,9,GPA:2 to 3,0
223,10,GPA:2 to 3,0
223,11,Grad,1
224,1,GPA:2 to 3,0
224,2,GPA:2 to 3,0
224,3,GPA:2 to 3,0
224,4,GPA:2 to 3,0
224,5,Not Enroll,0
224,6,GPA:2 to 3,0
224,7,GPA:2 to 3,0
224,8,GPA:2 to 3,0
224,9,GPA:2 to 3,0
224,10,Grad,2
225,1,GPA:2 to 3,0
225,2,GPA:2 to 3,0
225,3,GPA:2 to 3,0
225,4,GPA:2 to 3,0
225,5,Not Enroll,0
225,6,GPA:2 to 3,0
225,7,GPA:2 to 3,0
225,8,GPA:2 to 3,0
225,9,Grad,2
226,1,GPA:2 to 3,0
226,2,GPA:2 to 3,0
226,3,GPA:2 to 3,0
226,4,GPA:2 to 3,0
226,5,Not Enroll,0
226,6,GPA:>3,0
226,7,GPA:>3,0
226,8,GPA:>3,0
226,9,Not Enroll,0
226,10,GPA:>3,0
226,11,Grad,1
227,1,GPA:2 to 3,0
227,2,GPA:2 to 3,0
227,3,GPA:2 to 3,0
227,4,GPA:2 to 3,0
227,5,Not Enroll,0
227,6,Dropouts,2
228,1,GPA:2 to 3,0
228,2,GPA:2 to 3,0
228,3,GPA:2 to 3,0
228,4,GPA:2 to 3,0
228,5,Not Enroll,0
228,6,Not Enroll,0
228,7,GPA:<2,0
228,8,GPA:<2,0
228,9,GPA:2 to 3,0
228,10,GPA:2 to 3,0
228,11,GPA:2 to 3,0
228,12,Still Enro,1
229,1,GPA:2 to 3,0
229,2,GPA:2 to 3,0
229,3,GPA:2 to 3,0
229,4,GPA:2 to 3,0
229,5,Not Enroll,0
229,6,Not Enroll,0
229,7,Not Enroll,0
229,8,GPA:2 to 3,0
229,9,GPA:>3,0
229,10,GPA:>3,0
229,11,GPA:>3,0
229,12,Grad,1
230,1,GPA:2 to 3,0
230,2,GPA:2 to 3,0
230,3,GPA:2 to 3,0
230,4,GPA:2 to 3,0
230,5,Not Enroll,0
230,6,Not Enroll,0
230,7,Not Enroll,0
230,8,Not Enroll,0
230,9,GPA:2 to 3,0
230,10,GPA:>3,0
230,11,GPA:>3,0
230,12,Still Enro,1
231,1,GPA:2 to 3,0
231,2,GPA:2 to 3,0
231,3,GPA:2 to 3,0
231,4,GPA:2 to 3,0
231,5,Not Enroll,0
231,6,Not Enroll,0
231,7,Not Enroll,0
231,8,Not Enroll,0
231,9,GPA:>3,0
231,10,GPA:>3,0
231,11,GPA:2 to 3,0
231,12,Still Enro,1
232,1,GPA:2 to 3,0
232,2,GPA:2 to 3,0
232,3,GPA:2 to 3,0
232,4,GPA:<2,0
232,5,GPA:2 to 3,0
232,6,GPA:2 to 3,0
232,7,GPA:2 to 3,0
232,8,GPA:2 to 3,0
232,9,GPA:2 to 3,0
232,10,GPA:2 to 3,0
232,11,GPA:2 to 3,0
232,12,Grad,1
233,1,GPA:2 to 3,0
233,2,GPA:2 to 3,0
233,3,GPA:2 to 3,0
233,4,GPA:<2,0
233,5,GPA:2 to 3,0
233,6,GPA:2 to 3,0
233,7,GPA:2 to 3,0
233,8,GPA:2 to 3,0
233,9,GPA:2 to 3,0
233,10,GPA:2 to 3,0
233,11,GPA:2 to 3,0
233,12,Still Enro,1
234,1,GPA:2 to 3,0
234,2,GPA:2 to 3,0
234,3,GPA:2 to 3,0
234,4,GPA:<2,0
234,5,GPA:2 to 3,0
234,6,GPA:2 to 3,0
234,7,GPA:2 to 3,0
234,8,GPA:2 to 3,0
234,9,GPA:2 to 3,0
234,10,GPA:2 to 3,0
234,11,Grad,1
235,1,GPA:2 to 3,0
235,2,GPA:2 to 3,0
235,3,GPA:2 to 3,0
235,4,GPA:<2,0
235,5,GPA:2 to 3,0
235,6,GPA:2 to 3,0
235,7,GPA:2 to 3,0
235,8,GPA:2 to 3,0
235,9,GPA:2 to 3,0
235,10,Grad,2
236,1,GPA:2 to 3,0
236,2,GPA:2 to 3,0
236,3,GPA:2 to 3,0
236,4,GPA:<2,0
236,5,GPA:2 to 3,0
236,6,GPA:2 to 3,0
236,7,GPA:2 to 3,0
236,8,GPA:2 to 3,0
236,9,Dropouts,1
237,1,GPA:2 to 3,0
237,2,GPA:2 to 3,0
237,3,GPA:2 to 3,0
237,4,GPA:<2,0
237,5,GPA:2 to 3,0
237,6,GPA:2 to 3,0
237,7,GPA:2 to 3,0
237,8,GPA:2 to 3,0
237,9,Grad,3
238,1,GPA:2 to 3,0
238,2,GPA:2 to 3,0
238,3,GPA:2 to 3,0
238,4,GPA:<2,0
238,5,GPA:2 to 3,0
238,6,GPA:2 to 3,0
238,7,GPA:<2,0
238,8,GPA:<2,0
238,9,GPA:2 to 3,0
238,10,GPA:2 to 3,0
238,11,Grad,1
239,1,GPA:2 to 3,0
239,2,GPA:2 to 3,0
239,3,GPA:2 to 3,0
239,4,GPA:<2,0
239,5,GPA:2 to 3,0
239,6,GPA:2 to 3,0
239,7,Dropouts,1
240,1,GPA:2 to 3,0
240,2,GPA:2 to 3,0
240,3,GPA:2 to 3,0
240,4,GPA:<2,0
240,5,GPA:2 to 3,0
240,6,GPA:<2,0
240,7,Dropouts,3
241,1,GPA:2 to 3,0
241,2,GPA:2 to 3,0
241,3,GPA:2 to 3,0
241,4,GPA:<2,0
241,5,GPA:2 to 3,0
241,6,Dropouts,1
242,1,GPA:2 to 3,0
242,2,GPA:2 to 3,0
242,3,GPA:2 to 3,0
242,4,GPA:<2,0
242,5,GPA:<2,0
242,6,GPA:2 to 3,0
242,7,Not Enroll,0
242,8,Not Enroll,0
242,9,Not Enroll,0
242,10,Not Enroll,0
242,11,GPA:2 to 3,0
242,12,Still Enro,1
243,1,GPA:2 to 3,0
243,2,GPA:2 to 3,0
243,3,GPA:2 to 3,0
243,4,GPA:<2,0
243,5,GPA:<2,0
243,6,GPA:<2,0
243,7,GPA:2 to 3,0
243,8,GPA:2 to 3,0
243,9,GPA:<2,0
243,10,GPA:<2,0
243,11,GPA:2 to 3,0
243,12,Dropouts,1
244,1,GPA:2 to 3,0
244,2,GPA:2 to 3,0
244,3,GPA:2 to 3,0
244,4,GPA:<2,0
244,5,GPA:<2,0
244,6,GPA:<2,0
244,7,Dropouts,1
245,1,GPA:2 to 3,0
245,2,GPA:2 to 3,0
245,3,GPA:2 to 3,0
245,4,GPA:<2,0
245,5,GPA:<2,0
245,6,Dropouts,1
246,1,GPA:2 to 3,0
246,2,GPA:2 to 3,0
246,3,GPA:2 to 3,0
246,4,GPA:<2,0
246,5,GPA:<2,0
246,6,Not Enroll,0
246,7,GPA:2 to 3,0
246,8,GPA:2 to 3,0
246,9,GPA:2 to 3,0
246,10,GPA:2 to 3,0
246,11,Grad,2
247,1,GPA:2 to 3,0
247,2,GPA:2 to 3,0
247,3,GPA:2 to 3,0
247,4,GPA:<2,0
247,5,GPA:<2,0
247,6,Not Enroll,0
247,7,Not Enroll,0
247,8,GPA:2 to 3,0
247,9,GPA:2 to 3,0
247,10,Grad,1
248,1,GPA:2 to 3,0
248,2,GPA:2 to 3,0
248,3,GPA:2 to 3,0
248,4,GPA:<2,0
248,5,GPA:<2,0
248,6,Not Enroll,0
248,7,Not Enroll,0
248,8,Not Enroll,0
248,9,GPA:2 to 3,0
248,10,GPA:2 to 3,0
248,11,Grad,1
249,1,GPA:2 to 3,0
249,2,GPA:2 to 3,0
249,3,GPA:2 to 3,0
249,4,GPA:<2,0
249,5,Dropouts,7
250,1,GPA:2 to 3,0
250,2,GPA:2 to 3,0
250,3,GPA:2 to 3,0
250,4,GPA:<2,0
250,5,Not Enroll,0
250,6,Not Enroll,0
250,7,Dropouts,1
251,1,GPA:2 to 3,0
251,2,GPA:2 to 3,0
251,3,GPA:2 to 3,0
251,4,GPA:<2,0
251,5,Not Enroll,0
251,6,Not Enroll,0
251,7,Not Enroll,0
251,8,Dropouts,1
252,1,GPA:2 to 3,0
252,2,GPA:2 to 3,0
252,3,GPA:2 to 3,0
252,4,GPA:>3,0
252,5,GPA:2 to 3,0
252,6,GPA:2 to 3,0
252,7,GPA:2 to 3,0
252,8,GPA:2 to 3,0
252,9,GPA:2 to 3,0
252,10,Grad,1
253,1,GPA:2 to 3,0
253,2,GPA:2 to 3,0
253,3,GPA:2 to 3,0
253,4,GPA:>3,0
253,5,GPA:2 to 3,0
253,6,GPA:2 to 3,0
253,7,GPA:2 to 3,0
253,8,GPA:2 to 3,0
253,9,Grad,2
254,1,GPA:2 to 3,0
254,2,GPA:2 to 3,0
254,3,GPA:2 to 3,0
254,4,GPA:>3,0
254,5,GPA:2 to 3,0
254,6,GPA:2 to 3,0
254,7,GPA:2 to 3,0
254,8,GPA:>3,0
254,9,GPA:>3,0
254,10,Grad,1
255,1,GPA:2 to 3,0
255,2,GPA:2 to 3,0
255,3,GPA:2 to 3,0
255,4,GPA:>3,0
255,5,GPA:2 to 3,0
255,6,GPA:2 to 3,0
255,7,GPA:2 to 3,0
255,8,Grad,1
256,1,GPA:2 to 3,0
256,2,GPA:2 to 3,0
256,3,GPA:2 to 3,0
256,4,GPA:>3,0
256,5,GPA:2 to 3,0
256,6,GPA:2 to 3,0
256,7,GPA:>3,0
256,8,GPA:2 to 3,0
256,9,Grad,1
257,1,GPA:2 to 3,0
257,2,GPA:2 to 3,0
257,3,GPA:2 to 3,0
257,4,GPA:>3,0
257,5,GPA:2 to 3,0
257,6,GPA:2 to 3,0
257,7,GPA:>3,0
257,8,GPA:>3,0
257,9,GPA:>3,0
257,10,GPA:>3,0
257,11,Grad,1
258,1,GPA:2 to 3,0
258,2,GPA:2 to 3,0
258,3,GPA:2 to 3,0
258,4,GPA:>3,0
258,5,GPA:2 to 3,0
258,6,GPA:2 to 3,0
258,7,GPA:>3,0
258,8,GPA:>3,0
258,9,GPA:>3,0
258,10,Grad,1
259,1,GPA:2 to 3,0
259,2,GPA:2 to 3,0
259,3,GPA:2 to 3,0
259,4,GPA:>3,0
259,5,GPA:2 to 3,0
259,6,GPA:2 to 3,0
259,7,GPA:>3,0
259,8,Grad,1
260,1,GPA:2 to 3,0
260,2,GPA:2 to 3,0
260,3,GPA:2 to 3,0
260,4,GPA:>3,0
260,5,GPA:2 to 3,0
260,6,GPA:>3,0
260,7,GPA:2 to 3,0
260,8,Grad,2
261,1,GPA:2 to 3,0
261,2,GPA:2 to 3,0
261,3,GPA:2 to 3,0
261,4,GPA:>3,0
261,5,GPA:2 to 3,0
261,6,GPA:>3,0
261,7,GPA:>3,0
261,8,GPA:>3,0
261,9,Grad,2
262,1,GPA:2 to 3,0
262,2,GPA:2 to 3,0
262,3,GPA:2 to 3,0
262,4,GPA:>3,0
262,5,GPA:2 to 3,0
262,6,GPA:>3,0
262,7,GPA:>3,0
262,8,Grad,1
263,1,GPA:2 to 3,0
263,2,GPA:2 to 3,0
263,3,GPA:2 to 3,0
263,4,GPA:>3,0
263,5,GPA:2 to 3,0
263,6,Dropouts,1
264,1,GPA:2 to 3,0
264,2,GPA:2 to 3,0
264,3,GPA:2 to 3,0
264,4,GPA:>3,0
264,5,GPA:>3,0
264,6,GPA:2 to 3,0
264,7,GPA:2 to 3,0
264,8,GPA:2 to 3,0
264,9,Grad,1
265,1,GPA:2 to 3,0
265,2,GPA:2 to 3,0
265,3,GPA:2 to 3,0
265,4,GPA:>3,0
265,5,GPA:>3,0
265,6,GPA:2 to 3,0
265,7,GPA:2 to 3,0
265,8,Grad,1
266,1,GPA:2 to 3,0
266,2,GPA:2 to 3,0
266,3,GPA:2 to 3,0
266,4,GPA:>3,0
266,5,GPA:>3,0
266,6,GPA:2 to 3,0
266,7,GPA:>3,0
266,8,GPA:>3,0
266,9,Grad,1
267,1,GPA:2 to 3,0
267,2,GPA:2 to 3,0
267,3,GPA:2 to 3,0
267,4,GPA:>3,0
267,5,GPA:>3,0
267,6,GPA:2 to 3,0
267,7,Grad,1
268,1,GPA:2 to 3,0
268,2,GPA:2 to 3,0
268,3,GPA:2 to 3,0
268,4,GPA:>3,0
268,5,GPA:>3,0
268,6,GPA:>3,0
268,7,GPA:2 to 3,0
268,8,GPA:2 to 3,0
268,9,GPA:2 to 3,0
268,10,Grad,1
269,1,GPA:2 to 3,0
269,2,GPA:2 to 3,0
269,3,GPA:2 to 3,0
269,4,GPA:>3,0
269,5,GPA:>3,0
269,6,GPA:>3,0
269,7,GPA:2 to 3,0
269,8,GPA:2 to 3,0
269,9,Grad,1
270,1,GPA:2 to 3,0
270,2,GPA:2 to 3,0
270,3,GPA:2 to 3,0
270,4,GPA:>3,0
270,5,GPA:>3,0
270,6,GPA:>3,0
270,7,GPA:2 to 3,0
270,8,Grad,1
271,1,GPA:2 to 3,0
271,2,GPA:2 to 3,0
271,3,GPA:2 to 3,0
271,4,GPA:>3,0
271,5,GPA:>3,0
271,6,GPA:>3,0
271,7,GPA:>3,0
271,8,GPA:2 to 3,0
271,9,Grad,1
272,1,GPA:2 to 3,0
272,2,GPA:2 to 3,0
272,3,GPA:2 to 3,0
272,4,GPA:>3,0
272,5,GPA:>3,0
272,6,GPA:>3,0
272,7,GPA:>3,0
272,8,GPA:>3,0
272,9,GPA:>3,0
272,10,GPA:>3,0
272,11,Grad,1
273,1,GPA:2 to 3,0
273,2,GPA:2 to 3,0
273,3,GPA:2 to 3,0
273,4,GPA:>3,0
273,5,GPA:>3,0
273,6,GPA:>3,0
273,7,GPA:>3,0
273,8,GPA:>3,0
273,9,GPA:>3,0
273,10,Grad,8
274,1,GPA:2 to 3,0
274,2,GPA:2 to 3,0
274,3,GPA:2 to 3,0
274,4,GPA:>3,0
274,5,GPA:>3,0
274,6,GPA:>3,0
274,7,GPA:>3,0
274,8,GPA:>3,0
274,9,GPA:>3,0
274,10,Not Enroll,0
274,11,Dropouts,1
275,1,GPA:2 to 3,0
275,2,GPA:2 to 3,0
275,3,GPA:2 to 3,0
275,4,GPA:>3,0
275,5,GPA:>3,0
275,6,GPA:>3,0
275,7,GPA:>3,0
275,8,GPA:>3,0
275,9,Grad,18
276,1,GPA:2 to 3,0
276,2,GPA:2 to 3,0
276,3,GPA:2 to 3,0
276,4,GPA:>3,0
276,5,GPA:>3,0
276,6,GPA:>3,0
276,7,GPA:>3,0
276,8,Grad,42
277,1,GPA:2 to 3,0
277,2,GPA:2 to 3,0
277,3,GPA:2 to 3,0
277,4,GPA:>3,0
277,5,GPA:>3,0
277,6,GPA:>3,0
277,7,GPA:>3,0
277,8,Not Enroll,0
277,9,GPA:>3,0
277,10,GPA:>3,0
277,11,Not Enroll,0
277,12,Grad,1
278,1,GPA:2 to 3,0
278,2,GPA:2 to 3,0
278,3,GPA:2 to 3,0
278,4,GPA:>3,0
278,5,GPA:>3,0
278,6,GPA:>3,0
278,7,Grad,3
279,1,GPA:2 to 3,0
279,2,GPA:2 to 3,0
279,3,GPA:2 to 3,0
279,4,GPA:>3,0
279,5,GPA:>3,0
279,6,GPA:>3,0
279,7,Not Enroll,0
279,8,GPA:>3,0
279,9,Grad,1
280,1,GPA:2 to 3,0
280,2,GPA:2 to 3,0
280,3,GPA:2 to 3,0
280,4,GPA:>3,0
280,5,GPA:>3,0
280,6,Dropouts,1
281,1,GPA:2 to 3,0
281,2,GPA:2 to 3,0
281,3,GPA:2 to 3,0
281,4,Dropouts,46
282,1,GPA:2 to 3,0
282,2,GPA:2 to 3,0
282,3,GPA:2 to 3,0
282,4,Not Enroll,0
282,5,GPA:2 to 3,0
282,6,GPA:2 to 3,0
282,7,GPA:2 to 3,0
282,8,GPA:2 to 3,0
282,9,Grad,1
283,1,GPA:2 to 3,0
283,2,GPA:2 to 3,0
283,3,GPA:2 to 3,0
283,4,Not Enroll,0
283,5,GPA:2 to 3,0
283,6,GPA:2 to 3,0
283,7,GPA:2 to 3,0
283,8,Dropouts,1
284,1,GPA:2 to 3,0
284,2,GPA:2 to 3,0
284,3,GPA:2 to 3,0
284,4,Not Enroll,0
284,5,GPA:2 to 3,0
284,6,GPA:2 to 3,0
284,7,GPA:2 to 3,0
284,8,Not Enroll,0
284,9,GPA:2 to 3,0
284,10,GPA:2 to 3,0
284,11,Dropouts,1
285,1,GPA:2 to 3,0
285,2,GPA:2 to 3,0
285,3,GPA:2 to 3,0
285,4,Not Enroll,0
285,5,GPA:2 to 3,0
285,6,GPA:2 to 3,0
285,7,Dropouts,1
286,1,GPA:2 to 3,0
286,2,GPA:2 to 3,0
286,3,GPA:2 to 3,0
286,4,Not Enroll,0
286,5,GPA:2 to 3,0
286,6,Dropouts,1
287,1,GPA:2 to 3,0
287,2,GPA:2 to 3,0
287,3,GPA:2 to 3,0
287,4,Not Enroll,0
287,5,Not Enroll,0
287,6,GPA:2 to 3,0
287,7,GPA:2 to 3,0
287,8,GPA:2 to 3,0
287,9,Grad,1
288,1,GPA:2 to 3,0
288,2,GPA:2 to 3,0
288,3,GPA:2 to 3,0
288,4,Not Enroll,0
288,5,Not Enroll,0
288,6,Not Enroll,0
288,7,GPA:2 to 3,0
288,8,GPA:2 to 3,0
288,9,GPA:2 to 3,0
288,10,GPA:2 to 3,0
288,11,GPA:2 to 3,0
288,12,Still Enro,1
289,1,GPA:2 to 3,0
289,2,GPA:2 to 3,0
289,3,GPA:<2,0
289,4,GPA:2 to 3,0
289,5,GPA:2 to 3,0
289,6,GPA:2 to 3,0
289,7,GPA:2 to 3,0
289,8,GPA:2 to 3,0
289,9,GPA:2 to 3,0
289,10,GPA:2 to 3,0
289,11,Grad,2
290,1,GPA:2 to 3,0
290,2,GPA:2 to 3,0
290,3,GPA:<2,0
290,4,GPA:2 to 3,0
290,5,GPA:2 to 3,0
290,6,GPA:2 to 3,0
290,7,GPA:2 to 3,0
290,8,GPA:2 to 3,0
290,9,GPA:2 to 3,0
290,10,GPA:>3,0
290,11,Grad,1
291,1,GPA:2 to 3,0
291,2,GPA:2 to 3,0
291,3,GPA:<2,0
291,4,GPA:2 to 3,0
291,5,GPA:2 to 3,0
291,6,GPA:2 to 3,0
291,7,GPA:2 to 3,0
291,8,GPA:2 to 3,0
291,9,GPA:2 to 3,0
291,10,Grad,5
292,1,GPA:2 to 3,0
292,2,GPA:2 to 3,0
292,3,GPA:<2,0
292,4,GPA:2 to 3,0
292,5,GPA:2 to 3,0
292,6,GPA:2 to 3,0
292,7,GPA:2 to 3,0
292,8,GPA:2 to 3,0
292,9,Grad,3
293,1,GPA:2 to 3,0
293,2,GPA:2 to 3,0
293,3,GPA:<2,0
293,4,GPA:2 to 3,0
293,5,GPA:2 to 3,0
293,6,GPA:2 to 3,0
293,7,GPA:2 to 3,0
293,8,GPA:2 to 3,0
293,9,Not Enroll,0
293,10,Not Enroll,0
293,11,Grad,1
294,1,GPA:2 to 3,0
294,2,GPA:2 to 3,0
294,3,GPA:<2,0
294,4,GPA:2 to 3,0
294,5,GPA:2 to 3,0
294,6,GPA:2 to 3,0
294,7,GPA:2 to 3,0
294,8,Dropouts,2
295,1,GPA:2 to 3,0
295,2,GPA:2 to 3,0
295,3,GPA:<2,0
295,4,GPA:2 to 3,0
295,5,GPA:2 to 3,0
295,6,GPA:2 to 3,0
295,7,GPA:2 to 3,0
295,8,Grad,1
296,1,GPA:2 to 3,0
296,2,GPA:2 to 3,0
296,3,GPA:<2,0
296,4,GPA:2 to 3,0
296,5,GPA:2 to 3,0
296,6,GPA:2 to 3,0
296,7,GPA:<2,0
296,8,GPA:2 to 3,0
296,9,GPA:2 to 3,0
296,10,Grad,1
297,1,GPA:2 to 3,0
297,2,GPA:2 to 3,0
297,3,GPA:<2,0
297,4,GPA:2 to 3,0
297,5,GPA:2 to 3,0
297,6,GPA:<2,0
297,7,Not Enroll,0
297,8,Not Enroll,0
297,9,Not Enroll,0
297,10,Not Enroll,0
297,11,Not Enroll,0
297,12,Still Enro,1
298,1,GPA:2 to 3,0
298,2,GPA:2 to 3,0
298,3,GPA:<2,0
298,4,GPA:2 to 3,0
298,5,GPA:2 to 3,0
298,6,Dropouts,2
299,1,GPA:2 to 3,0
299,2,GPA:2 to 3,0
299,3,GPA:<2,0
299,4,GPA:2 to 3,0
299,5,GPA:<2,0
299,6,GPA:2 to 3,0
299,7,GPA:2 to 3,0
299,8,GPA:2 to 3,0
299,9,GPA:2 to 3,0
299,10,Not Enroll,0
299,11,Grad,1
300,1,GPA:2 to 3,0
300,2,GPA:2 to 3,0
300,3,GPA:<2,0
300,4,GPA:2 to 3,0
300,5,GPA:<2,0
300,6,GPA:2 to 3,0
300,7,GPA:<2,0
300,8,GPA:<2,0
300,9,Not Enroll,0
300,10,Not Enroll,0
300,11,Not Enroll,0
300,12,Still Enro,1
301,1,GPA:2 to 3,0
301,2,GPA:2 to 3,0
301,3,GPA:<2,0
301,4,GPA:2 to 3,0
301,5,GPA:<2,0
301,6,GPA:<2,0
301,7,GPA:2 to 3,0
301,8,GPA:2 to 3,0
301,9,GPA:2 to 3,0
301,10,GPA:2 to 3,0
301,11,Grad,1
302,1,GPA:2 to 3,0
302,2,GPA:2 to 3,0
302,3,GPA:<2,0
302,4,GPA:2 to 3,0
302,5,GPA:<2,0
302,6,GPA:<2,0
302,7,Not Enroll,0
302,8,Not Enroll,0
302,9,Dropouts,1
303,1,GPA:2 to 3,0
303,2,GPA:2 to 3,0
303,3,GPA:<2,0
303,4,GPA:2 to 3,0
303,5,GPA:<2,0
303,6,Dropouts,3
304,1,GPA:2 to 3,0
304,2,GPA:2 to 3,0
304,3,GPA:<2,0
304,4,GPA:<2,0
304,5,GPA:2 to 3,0
304,6,GPA:2 to 3,0
304,7,GPA:2 to 3,0
304,8,GPA:2 to 3,0
304,9,GPA:2 to 3,0
304,10,Grad,2
305,1,GPA:2 to 3,0
305,2,GPA:2 to 3,0
305,3,GPA:<2,0
305,4,GPA:<2,0
305,5,GPA:2 to 3,0
305,6,GPA:2 to 3,0
305,7,GPA:2 to 3,0
305,8,GPA:2 to 3,0
305,9,Grad,4
306,1,GPA:2 to 3,0
306,2,GPA:2 to 3,0
306,3,GPA:<2,0
306,4,GPA:<2,0
306,5,GPA:2 to 3,0
306,6,GPA:2 to 3,0
306,7,GPA:2 to 3,0
306,8,GPA:<2,0
306,9,GPA:<2,0
306,10,Dropouts,1
307,1,GPA:2 to 3,0
307,2,GPA:2 to 3,0
307,3,GPA:<2,0
307,4,GPA:<2,0
307,5,GPA:2 to 3,0
307,6,GPA:2 to 3,0
307,7,GPA:<2,0
307,8,GPA:2 to 3,0
307,9,GPA:<2,0
307,10,Dropouts,1
308,1,GPA:2 to 3,0
308,2,GPA:2 to 3,0
308,3,GPA:<2,0
308,4,GPA:<2,0
308,5,GPA:2 to 3,0
308,6,GPA:<2,0
308,7,GPA:<2,0
308,8,GPA:2 to 3,0
308,9,GPA:2 to 3,0
308,10,Grad,1
309,1,GPA:2 to 3,0
309,2,GPA:2 to 3,0
309,3,GPA:<2,0
309,4,GPA:<2,0
309,5,GPA:<2,0
309,6,GPA:2 to 3,0
309,7,GPA:2 to 3,0
309,8,GPA:2 to 3,0
309,9,Grad,1
310,1,GPA:2 to 3,0
310,2,GPA:2 to 3,0
310,3,GPA:<2,0
310,4,GPA:<2,0
310,5,GPA:<2,0
310,6,GPA:<2,0
310,7,GPA:2 to 3,0
310,8,GPA:2 to 3,0
310,9,Grad,1
311,1,GPA:2 to 3,0
311,2,GPA:2 to 3,0
311,3,GPA:<2,0
311,4,GPA:<2,0
311,5,GPA:<2,0
311,6,GPA:<2,0
311,7,GPA:<2,0
311,8,Not Enroll,0
311,9,Not Enroll,0
311,10,Not Enroll,0
311,11,Not Enroll,0
311,12,Still Enro,1
312,1,GPA:2 to 3,0
312,2,GPA:2 to 3,0
312,3,GPA:<2,0
312,4,GPA:<2,0
312,5,GPA:<2,0
312,6,GPA:<2,0
312,7,Not Enroll,0
312,8,GPA:2 to 3,0
312,9,GPA:2 to 3,0
312,10,GPA:2 to 3,0
312,11,Grad,1
313,1,GPA:2 to 3,0
313,2,GPA:2 to 3,0
313,3,GPA:<2,0
313,4,GPA:<2,0
313,5,GPA:<2,0
313,6,GPA:<2,0
313,7,Not Enroll,0
313,8,Not Enroll,0
313,9,Dropouts,2
314,1,GPA:2 to 3,0
314,2,GPA:2 to 3,0
314,3,GPA:<2,0
314,4,GPA:<2,0
314,5,GPA:<2,0
314,6,Dropouts,1
315,1,GPA:2 to 3,0
315,2,GPA:2 to 3,0
315,3,GPA:<2,0
315,4,GPA:<2,0
315,5,GPA:<2,0
315,6,Not Enroll,0
315,7,Not Enroll,0
315,8,Not Enroll,0
315,9,GPA:2 to 3,0
315,10,GPA:<2,0
315,11,Not Enroll,0
315,12,Still Enro,1
316,1,GPA:2 to 3,0
316,2,GPA:2 to 3,0
316,3,GPA:<2,0
316,4,GPA:<2,0
316,5,GPA:<2,0
316,6,Not Enroll,0
316,7,Not Enroll,0
316,8,Not Enroll,0
316,9,Not Enroll,0
316,10,Not Enroll,0
316,11,GPA:<2,0
316,12,Still Enro,1
317,1,GPA:2 to 3,0
317,2,GPA:2 to 3,0
317,3,GPA:<2,0
317,4,GPA:<2,0
317,5,Dropouts,5
318,1,GPA:2 to 3,0
318,2,GPA:2 to 3,0
318,3,GPA:<2,0
318,4,GPA:<2,0
318,5,Not Enroll,0
318,6,GPA:2 to 3,0
318,7,GPA:2 to 3,0
318,8,GPA:2 to 3,0
318,9,Not Enroll,0
318,10,Not Enroll,0
318,11,GPA:2 to 3,0
318,12,Still Enro,1
319,1,GPA:2 to 3,0
319,2,GPA:2 to 3,0
319,3,GPA:<2,0
319,4,GPA:<2,0
319,5,Not Enroll,0
319,6,Not Enroll,0
319,7,GPA:<2,0
319,8,GPA:<2,0
319,9,GPA:<2,0
319,10,GPA:<2,0
319,11,Grad,1
320,1,GPA:2 to 3,0
320,2,GPA:2 to 3,0
320,3,GPA:<2,0
320,4,Dropouts,4
321,1,GPA:2 to 3,0
321,2,GPA:2 to 3,0
321,3,GPA:<2,0
321,4,Not Enroll,0
321,5,Not Enroll,0
321,6,Not Enroll,0
321,7,Not Enroll,0
321,8,GPA:2 to 3,0
321,9,GPA:2 to 3,0
321,10,GPA:2 to 3,0
321,11,GPA:2 to 3,0
321,12,Dropouts,1
322,1,GPA:2 to 3,0
322,2,GPA:2 to 3,0
322,3,GPA:>3,0
322,4,GPA:2 to 3,0
322,5,GPA:2 to 3,0
322,6,GPA:2 to 3,0
322,7,GPA:2 to 3,0
322,8,GPA:2 to 3,0
322,9,GPA:2 to 3,0
322,10,GPA:2 to 3,0
322,11,Grad,1
323,1,GPA:2 to 3,0
323,2,GPA:2 to 3,0
323,3,GPA:>3,0
323,4,GPA:2 to 3,0
323,5,GPA:2 to 3,0
323,6,GPA:2 to 3,0
323,7,GPA:2 to 3,0
323,8,GPA:2 to 3,0
323,9,GPA:2 to 3,0
323,10,GPA:>3,0
323,11,Grad,1
324,1,GPA:2 to 3,0
324,2,GPA:2 to 3,0
324,3,GPA:>3,0
324,4,GPA:2 to 3,0
324,5,GPA:2 to 3,0
324,6,GPA:2 to 3,0
324,7,GPA:2 to 3,0
324,8,GPA:2 to 3,0
324,9,GPA:2 to 3,0
324,10,Grad,1
325,1,GPA:2 to 3,0
325,2,GPA:2 to 3,0
325,3,GPA:>3,0
325,4,GPA:2 to 3,0
325,5,GPA:2 to 3,0
325,6,GPA:2 to 3,0
325,7,GPA:2 to 3,0
325,8,GPA:2 to 3,0
325,9,Grad,2
326,1,GPA:2 to 3,0
326,2,GPA:2 to 3,0
326,3,GPA:>3,0
326,4,GPA:2 to 3,0
326,5,GPA:2 to 3,0
326,6,GPA:2 to 3,0
326,7,GPA:2 to 3,0
326,8,GPA:2 to 3,0
326,9,Not Enroll,0
326,10,Grad,1
327,1,GPA:2 to 3,0
327,2,GPA:2 to 3,0
327,3,GPA:>3,0
327,4,GPA:2 to 3,0
327,5,GPA:2 to 3,0
327,6,GPA:2 to 3,0
327,7,GPA:2 to 3,0
327,8,GPA:2 to 3,0
327,9,Not Enroll,0
327,10,Not Enroll,0
327,11,GPA:2 to 3,0
327,12,Still Enro,1
328,1,GPA:2 to 3,0
328,2,GPA:2 to 3,0
328,3,GPA:>3,0
328,4,GPA:2 to 3,0
328,5,GPA:2 to 3,0
328,6,GPA:2 to 3,0
328,7,GPA:2 to 3,0
328,8,GPA:>3,0
328,9,GPA:>3,0
328,10,Grad,1
329,1,GPA:2 to 3,0
329,2,GPA:2 to 3,0
329,3,GPA:>3,0
329,4,GPA:2 to 3,0
329,5,GPA:2 to 3,0
329,6,GPA:2 to 3,0
329,7,GPA:2 to 3,0
329,8,Grad,1
330,1,GPA:2 to 3,0
330,2,GPA:2 to 3,0
330,3,GPA:>3,0
330,4,GPA:2 to 3,0
330,5,GPA:2 to 3,0
330,6,GPA:2 to 3,0
330,7,GPA:>3,0
330,8,Grad,1
331,1,GPA:2 to 3,0
331,2,GPA:2 to 3,0
331,3,GPA:>3,0
331,4,GPA:2 to 3,0
331,5,GPA:2 to 3,0
331,6,GPA:2 to 3,0
331,7,Grad,2
332,1,GPA:2 to 3,0
332,2,GPA:2 to 3,0
332,3,GPA:>3,0
332,4,GPA:2 to 3,0
332,5,GPA:2 to 3,0
332,6,GPA:2 to 3,0
332,7,Not Enroll,0
332,8,GPA:2 to 3,0
332,9,GPA:2 to 3,0
332,10,GPA:2 to 3,0
332,11,Grad,1
333,1,GPA:2 to 3,0
333,2,GPA:2 to 3,0
333,3,GPA:>3,0
333,4,GPA:2 to 3,0
333,5,GPA:2 to 3,0
333,6,GPA:>3,0
333,7,GPA:2 to 3,0
333,8,GPA:2 to 3,0
333,9,GPA:2 to 3,0
333,10,Grad,1
334,1,GPA:2 to 3,0
334,2,GPA:2 to 3,0
334,3,GPA:>3,0
334,4,GPA:2 to 3,0
334,5,GPA:2 to 3,0
334,6,GPA:>3,0
334,7,GPA:>3,0
334,8,Grad,2
335,1,GPA:2 to 3,0
335,2,GPA:2 to 3,0
335,3,GPA:>3,0
335,4,GPA:2 to 3,0
335,5,GPA:>3,0
335,6,GPA:2 to 3,0
335,7,GPA:2 to 3,0
335,8,GPA:2 to 3,0
335,9,GPA:2 to 3,0
335,10,GPA:2 to 3,0
335,11,Not Enroll,0
335,12,Grad,1
336,1,GPA:2 to 3,0
336,2,GPA:2 to 3,0
336,3,GPA:>3,0
336,4,GPA:2 to 3,0
336,5,GPA:>3,0
336,6,GPA:2 to 3,0
336,7,GPA:2 to 3,0
336,8,GPA:2 to 3,0
336,9,Grad,1
337,1,GPA:2 to 3,0
337,2,GPA:2 to 3,0
337,3,GPA:>3,0
337,4,GPA:2 to 3,0
337,5,GPA:>3,0
337,6,GPA:2 to 3,0
337,7,GPA:2 to 3,0
337,8,Grad,2
338,1,GPA:2 to 3,0
338,2,GPA:2 to 3,0
338,3,GPA:>3,0
338,4,GPA:2 to 3,0
338,5,GPA:>3,0
338,6,GPA:2 to 3,0
338,7,GPA:>3,0
338,8,GPA:>3,0
338,9,Grad,1
339,1,GPA:2 to 3,0
339,2,GPA:2 to 3,0
339,3,GPA:>3,0
339,4,GPA:2 to 3,0
339,5,GPA:>3,0
339,6,GPA:>3,0
339,7,GPA:>3,0
339,8,GPA:>3,0
339,9,GPA:>3,0
339,10,GPA:>3,0
339,11,Grad,2
340,1,GPA:2 to 3,0
340,2,GPA:2 to 3,0
340,3,GPA:>3,0
340,4,GPA:2 to 3,0
340,5,GPA:>3,0
340,6,GPA:>3,0
340,7,GPA:>3,0
340,8,GPA:>3,0
340,9,GPA:>3,0
340,10,Grad,2
341,1,GPA:2 to 3,0
341,2,GPA:2 to 3,0
341,3,GPA:>3,0
341,4,GPA:2 to 3,0
341,5,GPA:>3,0
341,6,GPA:>3,0
341,7,GPA:>3,0
341,8,GPA:>3,0
341,9,Grad,3
342,1,GPA:2 to 3,0
342,2,GPA:2 to 3,0
342,3,GPA:>3,0
342,4,GPA:2 to 3,0
342,5,GPA:>3,0
342,6,GPA:>3,0
342,7,GPA:>3,0
342,8,Grad,6
343,1,GPA:2 to 3,0
343,2,GPA:2 to 3,0
343,3,GPA:>3,0
343,4,GPA:2 to 3,0
343,5,GPA:>3,0
343,6,GPA:>3,0
343,7,Grad,2
344,1,GPA:2 to 3,0
344,2,GPA:2 to 3,0
344,3,GPA:>3,0
344,4,GPA:>3,0
344,5,GPA:2 to 3,0
344,6,GPA:2 to 3,0
344,7,GPA:2 to 3,0
344,8,GPA:2 to 3,0
344,9,GPA:>3,0
344,10,GPA:>3,0
344,11,Grad,1
345,1,GPA:2 to 3,0
345,2,GPA:2 to 3,0
345,3,GPA:>3,0
345,4,GPA:>3,0
345,5,GPA:2 to 3,0
345,6,GPA:2 to 3,0
345,7,GPA:2 to 3,0
345,8,GPA:>3,0
345,9,GPA:>3,0
345,10,Grad,1
346,1,GPA:2 to 3,0
346,2,GPA:2 to 3,0
346,3,GPA:>3,0
346,4,GPA:>3,0
346,5,GPA:2 to 3,0
346,6,GPA:2 to 3,0
346,7,GPA:2 to 3,0
346,8,Dropouts,1
347,1,GPA:2 to 3,0
347,2,GPA:2 to 3,0
347,3,GPA:>3,0
347,4,GPA:>3,0
347,5,GPA:2 to 3,0
347,6,GPA:2 to 3,0
347,7,GPA:2 to 3,0
347,8,Not Enroll,0
347,9,Not Enroll,0
347,10,Dropouts,1
348,1,GPA:2 to 3,0
348,2,GPA:2 to 3,0
348,3,GPA:>3,0
348,4,GPA:>3,0
348,5,GPA:2 to 3,0
348,6,GPA:2 to 3,0
348,7,GPA:>3,0
348,8,GPA:>3,0
348,9,Grad,1
349,1,GPA:2 to 3,0
349,2,GPA:2 to 3,0
349,3,GPA:>3,0
349,4,GPA:>3,0
349,5,GPA:2 to 3,0
349,6,GPA:2 to 3,0
349,7,Grad,1
350,1,GPA:2 to 3,0
350,2,GPA:2 to 3,0
350,3,GPA:>3,0
350,4,GPA:>3,0
350,5,GPA:2 to 3,0
350,6,GPA:>3,0
350,7,GPA:>3,0
350,8,GPA:>3,0
350,9,GPA:>3,0
350,10,Grad,1
351,1,GPA:2 to 3,0
351,2,GPA:2 to 3,0
351,3,GPA:>3,0
351,4,GPA:>3,0
351,5,GPA:2 to 3,0
351,6,GPA:>3,0
351,7,GPA:>3,0
351,8,Grad,1
352,1,GPA:2 to 3,0
352,2,GPA:2 to 3,0
352,3,GPA:>3,0
352,4,GPA:>3,0
352,5,GPA:>3,0
352,6,GPA:2 to 3,0
352,7,GPA:2 to 3,0
352,8,GPA:2 to 3,0
352,9,GPA:2 to 3,0
352,10,Grad,1
353,1,GPA:2 to 3,0
353,2,GPA:2 to 3,0
353,3,GPA:>3,0
353,4,GPA:>3,0
353,5,GPA:>3,0
353,6,GPA:2 to 3,0
353,7,GPA:2 to 3,0
353,8,GPA:2 to 3,0
353,9,GPA:>3,0
353,10,GPA:>3,0
353,11,Grad,1
354,1,GPA:2 to 3,0
354,2,GPA:2 to 3,0
354,3,GPA:>3,0
354,4,GPA:>3,0
354,5,GPA:>3,0
354,6,GPA:2 to 3,0
354,7,GPA:2 to 3,0
354,8,GPA:2 to 3,0
354,9,Grad,1
355,1,GPA:2 to 3,0
355,2,GPA:2 to 3,0
355,3,GPA:>3,0
355,4,GPA:>3,0
355,5,GPA:>3,0
355,6,GPA:2 to 3,0
355,7,GPA:2 to 3,0
355,8,Grad,1
356,1,GPA:2 to 3,0
356,2,GPA:2 to 3,0
356,3,GPA:>3,0
356,4,GPA:>3,0
356,5,GPA:>3,0
356,6,GPA:2 to 3,0
356,7,GPA:>3,0
356,8,GPA:>3,0
356,9,GPA:>3,0
356,10,GPA:>3,0
356,11,Grad,1
357,1,GPA:2 to 3,0
357,2,GPA:2 to 3,0
357,3,GPA:>3,0
357,4,GPA:>3,0
357,5,GPA:>3,0
357,6,GPA:2 to 3,0
357,7,GPA:>3,0
357,8,GPA:>3,0
357,9,GPA:>3,0
357,10,Grad,1
358,1,GPA:2 to 3,0
358,2,GPA:2 to 3,0
358,3,GPA:>3,0
358,4,GPA:>3,0
358,5,GPA:>3,0
358,6,GPA:2 to 3,0
358,7,GPA:>3,0
358,8,GPA:>3,0
358,9,Grad,2
359,1,GPA:2 to 3,0
359,2,GPA:2 to 3,0
359,3,GPA:>3,0
359,4,GPA:>3,0
359,5,GPA:>3,0
359,6,GPA:2 to 3,0
359,7,GPA:>3,0
359,8,GPA:>3,0
359,9,Not Enroll,0
359,10,Not Enroll,0
359,11,Dropouts,1
360,1,GPA:2 to 3,0
360,2,GPA:2 to 3,0
360,3,GPA:>3,0
360,4,GPA:>3,0
360,5,GPA:>3,0
360,6,GPA:>3,0
360,7,GPA:2 to 3,0
360,8,GPA:2 to 3,0
360,9,Grad,3
361,1,GPA:2 to 3,0
361,2,GPA:2 to 3,0
361,3,GPA:>3,0
361,4,GPA:>3,0
361,5,GPA:>3,0
361,6,GPA:>3,0
361,7,GPA:2 to 3,0
361,8,GPA:>3,0
361,9,GPA:>3,0
361,10,Grad,1
362,1,GPA:2 to 3,0
362,2,GPA:2 to 3,0
362,3,GPA:>3,0
362,4,GPA:>3,0
362,5,GPA:>3,0
362,6,GPA:>3,0
362,7,GPA:2 to 3,0
362,8,GPA:>3,0
362,9,Grad,2
363,1,GPA:2 to 3,0
363,2,GPA:2 to 3,0
363,3,GPA:>3,0
363,4,GPA:>3,0
363,5,GPA:>3,0
363,6,GPA:>3,0
363,7,GPA:2 to 3,0
363,8,Grad,3
364,1,GPA:2 to 3,0
364,2,GPA:2 to 3,0
364,3,GPA:>3,0
364,4,GPA:>3,0
364,5,GPA:>3,0
364,6,GPA:>3,0
364,7,GPA:>3,0
364,8,GPA:2 to 3,0
364,9,Grad,1
365,1,GPA:2 to 3,0
365,2,GPA:2 to 3,0
365,3,GPA:>3,0
365,4,GPA:>3,0
365,5,GPA:>3,0
365,6,GPA:>3,0
365,7,GPA:>3,0
365,8,GPA:>3,0
365,9,GPA:>3,0
365,10,GPA:>3,0
365,11,GPA:>3,0
365,12,Grad,2
366,1,GPA:2 to 3,0
366,2,GPA:2 to 3,0
366,3,GPA:>3,0
366,4,GPA:>3,0
366,5,GPA:>3,0
366,6,GPA:>3,0
366,7,GPA:>3,0
366,8,GPA:>3,0
366,9,GPA:>3,0
366,10,GPA:>3,0
366,11,GPA:>3,0
366,12,Still Enro,1
367,1,GPA:2 to 3,0
367,2,GPA:2 to 3,0
367,3,GPA:>3,0
367,4,GPA:>3,0
367,5,GPA:>3,0
367,6,GPA:>3,0
367,7,GPA:>3,0
367,8,GPA:>3,0
367,9,GPA:>3,0
367,10,GPA:>3,0
367,11,Grad,6
368,1,GPA:2 to 3,0
368,2,GPA:2 to 3,0
368,3,GPA:>3,0
368,4,GPA:>3,0
368,5,GPA:>3,0
368,6,GPA:>3,0
368,7,GPA:>3,0
368,8,GPA:>3,0
368,9,GPA:>3,0
368,10,Grad,15
369,1,GPA:2 to 3,0
369,2,GPA:2 to 3,0
369,3,GPA:>3,0
369,4,GPA:>3,0
369,5,GPA:>3,0
369,6,GPA:>3,0
369,7,GPA:>3,0
369,8,GPA:>3,0
369,9,Dropouts,1
370,1,GPA:2 to 3,0
370,2,GPA:2 to 3,0
370,3,GPA:>3,0
370,4,GPA:>3,0
370,5,GPA:>3,0
370,6,GPA:>3,0
370,7,GPA:>3,0
370,8,GPA:>3,0
370,9,Grad,34
371,1,GPA:2 to 3,0
371,2,GPA:2 to 3,0
371,3,GPA:>3,0
371,4,GPA:>3,0
371,5,GPA:>3,0
371,6,GPA:>3,0
371,7,GPA:>3,0
371,8,GPA:>3,0
371,9,Not Enroll,0
371,10,Not Enroll,0
371,11,Grad,1
372,1,GPA:2 to 3,0
372,2,GPA:2 to 3,0
372,3,GPA:>3,0
372,4,GPA:>3,0
372,5,GPA:>3,0
372,6,GPA:>3,0
372,7,GPA:>3,0
372,8,Grad,62
373,1,GPA:2 to 3,0
373,2,GPA:2 to 3,0
373,3,GPA:>3,0
373,4,GPA:>3,0
373,5,GPA:>3,0
373,6,GPA:>3,0
373,7,GPA:>3,0
373,8,Not Enroll,0
373,9,Grad,2
374,1,GPA:2 to 3,0
374,2,GPA:2 to 3,0
374,3,GPA:>3,0
374,4,GPA:>3,0
374,5,GPA:>3,0
374,6,GPA:>3,0
374,7,Dropouts,1
375,1,GPA:2 to 3,0
375,2,GPA:2 to 3,0
375,3,GPA:>3,0
375,4,GPA:>3,0
375,5,GPA:>3,0
375,6,GPA:>3,0
375,7,Grad,6
376,1,GPA:2 to 3,0
376,2,GPA:2 to 3,0
376,3,GPA:>3,0
376,4,GPA:>3,0
376,5,GPA:>3,0
376,6,GPA:>3,0
376,7,Not Enroll,0
376,8,Not Enroll,0
376,9,Not Enroll,0
376,10,Not Enroll,0
376,11,Not Enroll,0
376,12,Still Enro,1
377,1,GPA:2 to 3,0
377,2,GPA:2 to 3,0
377,3,GPA:>3,0
377,4,GPA:>3,0
377,5,GPA:>3,0
377,6,Grad,2
378,1,GPA:2 to 3,0
378,2,GPA:2 to 3,0
378,3,GPA:>3,0
378,4,Dropouts,5
379,1,GPA:2 to 3,0
379,2,GPA:2 to 3,0
379,3,GPA:>3,0
379,4,Not Enroll,0
379,5,GPA:2 to 3,0
379,6,GPA:2 to 3,0
379,7,GPA:2 to 3,0
379,8,GPA:2 to 3,0
379,9,GPA:2 to 3,0
379,10,GPA:2 to 3,0
379,11,GPA:2 to 3,0
379,12,Dropouts,1
380,1,GPA:2 to 3,0
380,2,GPA:2 to 3,0
380,3,Dropouts,17
381,1,GPA:2 to 3,0
381,2,GPA:2 to 3,0
381,3,Not Enroll,0
381,4,GPA:2 to 3,0
381,5,GPA:2 to 3,0
381,6,GPA:2 to 3,0
381,7,GPA:2 to 3,0
381,8,GPA:2 to 3,0
381,9,GPA:>3,0
381,10,GPA:>3,0
381,11,GPA:2 to 3,0
381,12,Still Enro,1
382,1,GPA:2 to 3,0
382,2,GPA:2 to 3,0
382,3,Not Enroll,0
382,4,GPA:2 to 3,0
382,5,GPA:2 to 3,0
382,6,GPA:2 to 3,0
382,7,GPA:2 to 3,0
382,8,GPA:2 to 3,0
382,9,Dropouts,1
383,1,GPA:2 to 3,0
383,2,GPA:2 to 3,0
383,3,Not Enroll,0
383,4,GPA:2 to 3,0
383,5,GPA:2 to 3,0
383,6,GPA:2 to 3,0
383,7,GPA:2 to 3,0
383,8,Grad,1
384,1,GPA:2 to 3,0
384,2,GPA:2 to 3,0
384,3,Not Enroll,0
384,4,GPA:2 to 3,0
384,5,GPA:>3,0
384,6,GPA:>3,0
384,7,GPA:>3,0
384,8,Grad,1
385,1,GPA:2 to 3,0
385,2,GPA:2 to 3,0
385,3,Not Enroll,0
385,4,GPA:<2,0
385,5,GPA:<2,0
385,6,GPA:<2,0
385,7,GPA:2 to 3,0
385,8,GPA:2 to 3,0
385,9,GPA:2 to 3,0
385,10,GPA:2 to 3,0
385,11,Grad,1
386,1,GPA:2 to 3,0
386,2,GPA:2 to 3,0
386,3,Not Enroll,0
386,4,GPA:>3,0
386,5,GPA:>3,0
386,6,GPA:>3,0
386,7,GPA:>3,0
386,8,GPA:>3,0
386,9,GPA:2 to 3,0
386,10,GPA:2 to 3,0
386,11,Grad,1
387,1,GPA:2 to 3,0
387,2,GPA:2 to 3,0
387,3,Not Enroll,0
387,4,GPA:>3,0
387,5,GPA:>3,0
387,6,GPA:>3,0
387,7,GPA:>3,0
387,8,GPA:>3,0
387,9,Grad,1
388,1,GPA:2 to 3,0
388,2,GPA:2 to 3,0
388,3,Not Enroll,0
388,4,Dropouts,2
389,1,GPA:2 to 3,0
389,2,GPA:2 to 3,0
389,3,Not Enroll,0
389,4,Not Enroll,0
389,5,GPA:2 to 3,0
389,6,GPA:2 to 3,0
389,7,GPA:2 to 3,0
389,8,GPA:2 to 3,0
389,9,GPA:2 to 3,0
389,10,GPA:2 to 3,0
389,11,GPA:2 to 3,0
389,12,Still Enro,1
390,1,GPA:2 to 3,0
390,2,GPA:2 to 3,0
390,3,Not Enroll,0
390,4,Not Enroll,0
390,5,GPA:2 to 3,0
390,6,GPA:2 to 3,0
390,7,GPA:2 to 3,0
390,8,GPA:2 to 3,0
390,9,GPA:2 to 3,0
390,10,GPA:2 to 3,0
390,11,Grad,1
391,1,GPA:2 to 3,0
391,2,GPA:2 to 3,0
391,3,Not Enroll,0
391,4,Not Enroll,0
391,5,GPA:2 to 3,0
391,6,GPA:2 to 3,0
391,7,GPA:2 to 3,0
391,8,GPA:2 to 3,0
391,9,Grad,1
392,1,GPA:2 to 3,0
392,2,GPA:2 to 3,0
392,3,Not Enroll,0
392,4,Not Enroll,0
392,5,GPA:2 to 3,0
392,6,GPA:2 to 3,0
392,7,GPA:2 to 3,0
392,8,GPA:2 to 3,0
392,9,Not Enroll,0
392,10,Dropouts,1
393,1,GPA:2 to 3,0
393,2,GPA:2 to 3,0
393,3,Not Enroll,0
393,4,Not Enroll,0
393,5,GPA:<2,0
393,6,Dropouts,1
394,1,GPA:2 to 3,0
394,2,GPA:2 to 3,0
394,3,Not Enroll,0
394,4,Not Enroll,0
394,5,Not Enroll,0
394,6,Not Enroll,0
394,7,GPA:2 to 3,0
394,8,GPA:2 to 3,0
394,9,GPA:2 to 3,0
394,10,GPA:2 to 3,0
394,11,GPA:2 to 3,0
394,12,Still Enro,3
395,1,GPA:2 to 3,0
395,2,GPA:2 to 3,0
395,3,Not Enroll,0
395,4,Not Enroll,0
395,5,Not Enroll,0
395,6,Not Enroll,0
395,7,GPA:2 to 3,0
395,8,GPA:2 to 3,0
395,9,GPA:>3,0
395,10,GPA:>3,0
395,11,GPA:>3,0
395,12,Still Enro,1
396,1,GPA:2 to 3,0
396,2,GPA:2 to 3,0
396,3,Not Enroll,0
396,4,Not Enroll,0
396,5,Not Enroll,0
396,6,Not Enroll,0
396,7,GPA:2 to 3,0
396,8,GPA:>3,0
396,9,GPA:>3,0
396,10,GPA:>3,0
396,11,GPA:2 to 3,0
396,12,Still Enro,1
397,1,GPA:2 to 3,0
397,2,GPA:2 to 3,0
397,3,Not Enroll,0
397,4,Not Enroll,0
397,5,Not Enroll,0
397,6,Not Enroll,0
397,7,GPA:2 to 3,0
397,8,GPA:>3,0
397,9,GPA:>3,0
397,10,GPA:>3,0
397,11,Not Enroll,0
397,12,Still Enro,1
398,1,GPA:2 to 3,0
398,2,GPA:2 to 3,0
398,3,Not Enroll,0
398,4,Not Enroll,0
398,5,Not Enroll,0
398,6,Not Enroll,0
398,7,GPA:2 to 3,0
398,8,GPA:>3,0
398,9,Grad,1
399,1,GPA:2 to 3,0
399,2,GPA:2 to 3,0
399,3,Not Enroll,0
399,4,Not Enroll,0
399,5,Not Enroll,0
399,6,Not Enroll,0
399,7,GPA:>3,0
399,8,GPA:>3,0
399,9,GPA:>3,0
399,10,GPA:>3,0
399,11,GPA:>3,0
399,12,Grad,1
400,1,GPA:2 to 3,0
400,2,GPA:2 to 3,0
400,3,Not Enroll,0
400,4,Not Enroll,0
400,5,Not Enroll,0
400,6,Not Enroll,0
400,7,Not Enroll,0
400,8,GPA:2 to 3,0
400,9,GPA:2 to 3,0
400,10,GPA:>3,0
400,11,GPA:>3,0
400,12,Grad,1
401,1,GPA:2 to 3,0
401,2,GPA:2 to 3,0
401,3,Not Enroll,0
401,4,Not Enroll,0
401,5,Not Enroll,0
401,6,Not Enroll,0
401,7,Not Enroll,0
401,8,GPA:>3,0
401,9,GPA:>3,0
401,10,GPA:>3,0
401,11,GPA:>3,0
401,12,Still Enro,1
402,1,GPA:2 to 3,0
402,2,GPA:2 to 3,0
402,3,Not Enroll,0
402,4,Not Enroll,0
402,5,Not Enroll,0
402,6,Not Enroll,0
402,7,Not Enroll,0
402,8,GPA:>3,0
402,9,GPA:>3,0
402,10,GPA:>3,0
402,11,Dropouts,1
403,1,GPA:2 to 3,0
403,2,GPA:<2,0
403,3,GPA:2 to 3,0
403,4,GPA:2 to 3,0
403,5,GPA:2 to 3,0
403,6,GPA:2 to 3,0
403,7,GPA:2 to 3,0
403,8,GPA:2 to 3,0
403,9,GPA:2 to 3,0
403,10,GPA:2 to 3,0
403,11,GPA:2 to 3,0
403,12,Grad,2
404,1,GPA:2 to 3,0
404,2,GPA:<2,0
404,3,GPA:2 to 3,0
404,4,GPA:2 to 3,0
404,5,GPA:2 to 3,0
404,6,GPA:2 to 3,0
404,7,GPA:2 to 3,0
404,8,GPA:2 to 3,0
404,9,GPA:2 to 3,0
404,10,GPA:2 to 3,0
404,11,Grad,6
405,1,GPA:2 to 3,0
405,2,GPA:<2,0
405,3,GPA:2 to 3,0
405,4,GPA:2 to 3,0
405,5,GPA:2 to 3,0
405,6,GPA:2 to 3,0
405,7,GPA:2 to 3,0
405,8,GPA:2 to 3,0
405,9,GPA:2 to 3,0
405,10,GPA:2 to 3,0
405,11,Not Enroll,0
405,12,Still Enro,1
406,1,GPA:2 to 3,0
406,2,GPA:<2,0
406,3,GPA:2 to 3,0
406,4,GPA:2 to 3,0
406,5,GPA:2 to 3,0
406,6,GPA:2 to 3,0
406,7,GPA:2 to 3,0
406,8,GPA:2 to 3,0
406,9,GPA:2 to 3,0
406,10,Dropouts,2
407,1,GPA:2 to 3,0
407,2,GPA:<2,0
407,3,GPA:2 to 3,0
407,4,GPA:2 to 3,0
407,5,GPA:2 to 3,0
407,6,GPA:2 to 3,0
407,7,GPA:2 to 3,0
407,8,GPA:2 to 3,0
407,9,GPA:2 to 3,0
407,10,Grad,7
408,1,GPA:2 to 3,0
408,2,GPA:<2,0
408,3,GPA:2 to 3,0
408,4,GPA:2 to 3,0
408,5,GPA:2 to 3,0
408,6,GPA:2 to 3,0
408,7,GPA:2 to 3,0
408,8,GPA:2 to 3,0
408,9,GPA:<2,0
408,10,GPA:<2,0
408,11,Not Enroll,0
408,12,Still Enro,1
409,1,GPA:2 to 3,0
409,2,GPA:<2,0
409,3,GPA:2 to 3,0
409,4,GPA:2 to 3,0
409,5,GPA:2 to 3,0
409,6,GPA:2 to 3,0
409,7,GPA:2 to 3,0
409,8,GPA:2 to 3,0
409,9,Grad,6
410,1,GPA:2 to 3,0
410,2,GPA:<2,0
410,3,GPA:2 to 3,0
410,4,GPA:2 to 3,0
410,5,GPA:2 to 3,0
410,6,GPA:2 to 3,0
410,7,GPA:2 to 3,0
410,8,GPA:2 to 3,0
410,9,Not Enroll,0
410,10,GPA:2 to 3,0
410,11,Not Enroll,0
410,12,Still Enro,1
411,1,GPA:2 to 3,0
411,2,GPA:<2,0
411,3,GPA:2 to 3,0
411,4,GPA:2 to 3,0
411,5,GPA:2 to 3,0
411,6,GPA:2 to 3,0
411,7,GPA:2 to 3,0
411,8,GPA:2 to 3,0
411,9,Not Enroll,0
411,10,Not Enroll,0
411,11,GPA:2 to 3,0
411,12,Still Enro,1
412,1,GPA:2 to 3,0
412,2,GPA:<2,0
412,3,GPA:2 to 3,0
412,4,GPA:2 to 3,0
412,5,GPA:2 to 3,0
412,6,GPA:2 to 3,0
412,7,GPA:2 to 3,0
412,8,GPA:>3,0
412,9,Grad,1
413,1,GPA:2 to 3,0
413,2,GPA:<2,0
413,3,GPA:2 to 3,0
413,4,GPA:2 to 3,0
413,5,GPA:2 to 3,0
413,6,GPA:2 to 3,0
413,7,GPA:2 to 3,0
413,8,Dropouts,2
414,1,GPA:2 to 3,0
414,2,GPA:<2,0
414,3,GPA:2 to 3,0
414,4,GPA:2 to 3,0
414,5,GPA:2 to 3,0
414,6,GPA:2 to 3,0
414,7,GPA:2 to 3,0
414,8,Grad,5
415,1,GPA:2 to 3,0
415,2,GPA:<2,0
415,3,GPA:2 to 3,0
415,4,GPA:2 to 3,0
415,5,GPA:2 to 3,0
415,6,GPA:2 to 3,0
415,7,GPA:<2,0
415,8,GPA:<2,0
415,9,Not Enroll,0
415,10,Not Enroll,0
415,11,GPA:2 to 3,0
415,12,Still Enro,1
416,1,GPA:2 to 3,0
416,2,GPA:<2,0
416,3,GPA:2 to 3,0
416,4,GPA:2 to 3,0
416,5,GPA:2 to 3,0
416,6,GPA:2 to 3,0
416,7,GPA:>3,0
416,8,Grad,1
417,1,GPA:2 to 3,0
417,2,GPA:<2,0
417,3,GPA:2 to 3,0
417,4,GPA:2 to 3,0
417,5,GPA:2 to 3,0
417,6,GPA:2 to 3,0
417,7,Grad,1
418,1,GPA:2 to 3,0
418,2,GPA:<2,0
418,3,GPA:2 to 3,0
418,4,GPA:2 to 3,0
418,5,GPA:2 to 3,0
418,6,GPA:<2,0
418,7,GPA:<2,0
418,8,Not Enroll,0
418,9,Not Enroll,0
418,10,Dropouts,1
419,1,GPA:2 to 3,0
419,2,GPA:<2,0
419,3,GPA:2 to 3,0
419,4,GPA:2 to 3,0
419,5,GPA:2 to 3,0
419,6,Dropouts,3
420,1,GPA:2 to 3,0
420,2,GPA:<2,0
420,3,GPA:2 to 3,0
420,4,GPA:2 to 3,0
420,5,GPA:2 to 3,0
420,6,Not Enroll,0
420,7,Not Enroll,0
420,8,Not Enroll,0
420,9,Not Enroll,0
420,10,GPA:2 to 3,0
420,11,GPA:>3,0
420,12,Grad,1
421,1,GPA:2 to 3,0
421,2,GPA:<2,0
421,3,GPA:2 to 3,0
421,4,GPA:2 to 3,0
421,5,GPA:<2,0
421,6,GPA:<2,0
421,7,Not Enroll,0
421,8,Not Enroll,0
421,9,GPA:2 to 3,0
421,10,GPA:2 to 3,0
421,11,GPA:2 to 3,0
421,12,Grad,1
422,1,GPA:2 to 3,0
422,2,GPA:<2,0
422,3,GPA:2 to 3,0
422,4,GPA:2 to 3,0
422,5,GPA:<2,0
422,6,Dropouts,3
423,1,GPA:2 to 3,0
423,2,GPA:<2,0
423,3,GPA:2 to 3,0
423,4,GPA:2 to 3,0
423,5,GPA:>3,0
423,6,GPA:2 to 3,0
423,7,GPA:2 to 3,0
423,8,GPA:2 to 3,0
423,9,GPA:2 to 3,0
423,10,Grad,1
424,1,GPA:2 to 3,0
424,2,GPA:<2,0
424,3,GPA:2 to 3,0
424,4,GPA:2 to 3,0
424,5,GPA:>3,0
424,6,GPA:>3,0
424,7,GPA:>3,0
424,8,GPA:>3,0
424,9,Grad,2
425,1,GPA:2 to 3,0
425,2,GPA:<2,0
425,3,GPA:2 to 3,0
425,4,GPA:<2,0
425,5,GPA:2 to 3,0
425,6,GPA:2 to 3,0
425,7,GPA:2 to 3,0
425,8,GPA:2 to 3,0
425,9,GPA:2 to 3,0
425,10,GPA:2 to 3,0
425,11,GPA:2 to 3,0
425,12,Still Enro,1
426,1,GPA:2 to 3,0
426,2,GPA:<2,0
426,3,GPA:2 to 3,0
426,4,GPA:<2,0
426,5,GPA:2 to 3,0
426,6,GPA:2 to 3,0
426,7,GPA:2 to 3,0
426,8,GPA:2 to 3,0
426,9,GPA:2 to 3,0
426,10,GPA:2 to 3,0
426,11,Grad,1
427,1,GPA:2 to 3,0
427,2,GPA:<2,0
427,3,GPA:2 to 3,0
427,4,GPA:<2,0
427,5,GPA:2 to 3,0
427,6,GPA:2 to 3,0
427,7,GPA:2 to 3,0
427,8,GPA:2 to 3,0
427,9,GPA:>3,0
427,10,Grad,1
428,1,GPA:2 to 3,0
428,2,GPA:<2,0
428,3,GPA:2 to 3,0
428,4,GPA:<2,0
428,5,GPA:2 to 3,0
428,6,GPA:2 to 3,0
428,7,GPA:<2,0
428,8,GPA:2 to 3,0
428,9,GPA:2 to 3,0
428,10,GPA:2 to 3,0
428,11,Grad,1
429,1,GPA:2 to 3,0
429,2,GPA:<2,0
429,3,GPA:2 to 3,0
429,4,GPA:<2,0
429,5,GPA:2 to 3,0
429,6,GPA:<2,0
429,7,GPA:2 to 3,0
429,8,GPA:2 to 3,0
429,9,GPA:2 to 3,0
429,10,GPA:<2,0
429,11,Dropouts,1
430,1,GPA:2 to 3,0
430,2,GPA:<2,0
430,3,GPA:2 to 3,0
430,4,GPA:<2,0
430,5,GPA:<2,0
430,6,Not Enroll,0
430,7,GPA:2 to 3,0
430,8,GPA:<2,0
430,9,Not Enroll,0
430,10,Not Enroll,0
430,11,GPA:<2,0
430,12,Still Enro,1
431,1,GPA:2 to 3,0
431,2,GPA:<2,0
431,3,GPA:2 to 3,0
431,4,GPA:<2,0
431,5,GPA:<2,0
431,6,Not Enroll,0
431,7,Not Enroll,0
431,8,Not Enroll,0
431,9,GPA:2 to 3,0
431,10,GPA:2 to 3,0
431,11,GPA:2 to 3,0
431,12,Still Enro,1
432,1,GPA:2 to 3,0
432,2,GPA:<2,0
432,3,GPA:2 to 3,0
432,4,GPA:<2,0
432,5,Dropouts,1
433,1,GPA:2 to 3,0
433,2,GPA:<2,0
433,3,GPA:2 to 3,0
433,4,GPA:<2,0
433,5,Not Enroll,0
433,6,Not Enroll,0
433,7,Dropouts,1
434,1,GPA:2 to 3,0
434,2,GPA:<2,0
434,3,GPA:2 to 3,0
434,4,Dropouts,5
435,1,GPA:2 to 3,0
435,2,GPA:<2,0
435,3,GPA:<2,0
435,4,GPA:2 to 3,0
435,5,GPA:2 to 3,0
435,6,GPA:2 to 3,0
435,7,GPA:2 to 3,0
435,8,GPA:2 to 3,0
435,9,GPA:2 to 3,0
435,10,GPA:2 to 3,0
435,11,Grad,1
436,1,GPA:2 to 3,0
436,2,GPA:<2,0
436,3,GPA:<2,0
436,4,GPA:2 to 3,0
436,5,GPA:2 to 3,0
436,6,GPA:2 to 3,0
436,7,GPA:2 to 3,0
436,8,GPA:2 to 3,0
436,9,GPA:2 to 3,0
436,10,Grad,2
437,1,GPA:2 to 3,0
437,2,GPA:<2,0
437,3,GPA:<2,0
437,4,GPA:2 to 3,0
437,5,GPA:2 to 3,0
437,6,GPA:2 to 3,0
437,7,GPA:2 to 3,0
437,8,GPA:2 to 3,0
437,9,GPA:2 to 3,0
437,10,Not Enroll,0
437,11,GPA:2 to 3,0
437,12,Grad,1
438,1,GPA:2 to 3,0
438,2,GPA:<2,0
438,3,GPA:<2,0
438,4,GPA:2 to 3,0
438,5,GPA:2 to 3,0
438,6,GPA:2 to 3,0
438,7,GPA:2 to 3,0
438,8,GPA:2 to 3,0
438,9,GPA:<2,0
438,10,GPA:<2,0
438,11,Not Enroll,0
438,12,Dropouts,1
439,1,GPA:2 to 3,0
439,2,GPA:<2,0
439,3,GPA:<2,0
439,4,GPA:2 to 3,0
439,5,GPA:2 to 3,0
439,6,GPA:2 to 3,0
439,7,GPA:2 to 3,0
439,8,GPA:2 to 3,0
439,9,Grad,2
440,1,GPA:2 to 3,0
440,2,GPA:<2,0
440,3,GPA:<2,0
440,4,GPA:2 to 3,0
440,5,GPA:2 to 3,0
440,6,GPA:2 to 3,0
440,7,GPA:2 to 3,0
440,8,GPA:<2,0
440,9,GPA:2 to 3,0
440,10,GPA:2 to 3,0
440,11,Grad,1
441,1,GPA:2 to 3,0
441,2,GPA:<2,0
441,3,GPA:<2,0
441,4,GPA:2 to 3,0
441,5,GPA:2 to 3,0
441,6,GPA:2 to 3,0
441,7,GPA:<2,0
441,8,GPA:<2,0
441,9,GPA:2 to 3,0
441,10,GPA:2 to 3,0
441,11,Not Enroll,0
441,12,Still Enro,1
442,1,GPA:2 to 3,0
442,2,GPA:<2,0
442,3,GPA:<2,0
442,4,GPA:2 to 3,0
442,5,GPA:2 to 3,0
442,6,GPA:2 to 3,0
442,7,Dropouts,1
443,1,GPA:2 to 3,0
443,2,GPA:<2,0
443,3,GPA:<2,0
443,4,GPA:2 to 3,0
443,5,GPA:2 to 3,0
443,6,Dropouts,1
444,1,GPA:2 to 3,0
444,2,GPA:<2,0
444,3,GPA:<2,0
444,4,GPA:2 to 3,0
444,5,GPA:<2,0
444,6,GPA:2 to 3,0
444,7,GPA:2 to 3,0
444,8,GPA:2 to 3,0
444,9,GPA:2 to 3,0
444,10,Dropouts,1
445,1,GPA:2 to 3,0
445,2,GPA:<2,0
445,3,GPA:<2,0
445,4,GPA:2 to 3,0
445,5,Dropouts,1
446,1,GPA:2 to 3,0
446,2,GPA:<2,0
446,3,GPA:<2,0
446,4,GPA:<2,0
446,5,GPA:2 to 3,0
446,6,GPA:2 to 3,0
446,7,GPA:2 to 3,0
446,8,GPA:2 to 3,0
446,9,GPA:2 to 3,0
446,10,Grad,1
447,1,GPA:2 to 3,0
447,2,GPA:<2,0
447,3,GPA:<2,0
447,4,GPA:<2,0
447,5,GPA:2 to 3,0
447,6,GPA:2 to 3,0
447,7,GPA:2 to 3,0
447,8,GPA:2 to 3,0
447,9,Grad,2
448,1,GPA:2 to 3,0
448,2,GPA:<2,0
448,3,GPA:<2,0
448,4,GPA:<2,0
448,5,GPA:2 to 3,0
448,6,GPA:2 to 3,0
448,7,GPA:<2,0
448,8,Dropouts,1
449,1,GPA:2 to 3,0
449,2,GPA:<2,0
449,3,GPA:<2,0
449,4,GPA:<2,0
449,5,GPA:2 to 3,0
449,6,GPA:<2,0
449,7,GPA:2 to 3,0
449,8,GPA:<2,0
449,9,GPA:2 to 3,0
449,10,Dropouts,1
450,1,GPA:2 to 3,0
450,2,GPA:<2,0
450,3,GPA:<2,0
450,4,GPA:<2,0
450,5,GPA:2 to 3,0
450,6,Dropouts,1
451,1,GPA:2 to 3,0
451,2,GPA:<2,0
451,3,GPA:<2,0
451,4,GPA:<2,0
451,5,GPA:<2,0
451,6,GPA:2 to 3,0
451,7,GPA:2 to 3,0
451,8,GPA:2 to 3,0
451,9,GPA:2 to 3,0
451,10,GPA:2 to 3,0
451,11,GPA:2 to 3,0
451,12,Grad,1
452,1,GPA:2 to 3,0
452,2,GPA:<2,0
452,3,GPA:<2,0
452,4,GPA:<2,0
452,5,GPA:<2,0
452,6,GPA:2 to 3,0
452,7,GPA:2 to 3,0
452,8,GPA:2 to 3,0
452,9,GPA:<2,0
452,10,GPA:<2,0
452,11,Grad,1
453,1,GPA:2 to 3,0
453,2,GPA:<2,0
453,3,GPA:<2,0
453,4,GPA:<2,0
453,5,GPA:<2,0
453,6,GPA:<2,0
453,7,GPA:<2,0
453,8,GPA:2 to 3,0
453,9,GPA:2 to 3,0
453,10,Grad,1
454,1,GPA:2 to 3,0
454,2,GPA:<2,0
454,3,GPA:<2,0
454,4,GPA:<2,0
454,5,GPA:<2,0
454,6,Dropouts,2
455,1,GPA:2 to 3,0
455,2,GPA:<2,0
455,3,GPA:<2,0
455,4,GPA:<2,0
455,5,GPA:<2,0
455,6,Not Enroll,0
455,7,GPA:2 to 3,0
455,8,GPA:2 to 3,0
455,9,GPA:2 to 3,0
455,10,GPA:2 to 3,0
455,11,GPA:2 to 3,0
455,12,Still Enro,1
456,1,GPA:2 to 3,0
456,2,GPA:<2,0
456,3,GPA:<2,0
456,4,GPA:<2,0
456,5,GPA:<2,0
456,6,Not Enroll,0
456,7,GPA:<2,0
456,8,Dropouts,1
457,1,GPA:2 to 3,0
457,2,GPA:<2,0
457,3,GPA:<2,0
457,4,GPA:<2,0
457,5,Not Enroll,0
457,6,GPA:2 to 3,0
457,7,GPA:2 to 3,0
457,8,GPA:2 to 3,0
457,9,GPA:2 to 3,0
457,10,GPA:2 to 3,0
457,11,GPA:2 to 3,0
457,12,Still Enro,1
458,1,GPA:2 to 3,0
458,2,GPA:<2,0
458,3,GPA:<2,0
458,4,GPA:<2,0
458,5,Not Enroll,0
458,6,Not Enroll,0
458,7,GPA:<2,0
458,8,Not Enroll,0
458,9,Not Enroll,0
458,10,Not Enroll,0
458,11,Not Enroll,0
458,12,Still Enro,1
459,1,GPA:2 to 3,0
459,2,GPA:<2,0
459,3,GPA:<2,0
459,4,Dropouts,8
460,1,GPA:2 to 3,0
460,2,GPA:<2,0
460,3,GPA:<2,0
460,4,Not Enroll,0
460,5,GPA:2 to 3,0
460,6,GPA:2 to 3,0
460,7,GPA:2 to 3,0
460,8,GPA:2 to 3,0
460,9,GPA:2 to 3,0
460,10,GPA:2 to 3,0
460,11,GPA:2 to 3,0
460,12,Still Enro,1
461,1,GPA:2 to 3,0
461,2,GPA:<2,0
461,3,GPA:<2,0
461,4,Not Enroll,0
461,5,GPA:2 to 3,0
461,6,GPA:2 to 3,0
461,7,GPA:<2,0
461,8,Dropouts,1
462,1,GPA:2 to 3,0
462,2,GPA:<2,0
462,3,GPA:<2,0
462,4,Not Enroll,0
462,5,GPA:2 to 3,0
462,6,Dropouts,1
463,1,GPA:2 to 3,0
463,2,GPA:<2,0
463,3,GPA:<2,0
463,4,Not Enroll,0
463,5,Not Enroll,0
463,6,GPA:2 to 3,0
463,7,GPA:2 to 3,0
463,8,GPA:2 to 3,0
463,9,GPA:2 to 3,0
463,10,GPA:2 to 3,0
463,11,Grad,1
464,1,GPA:2 to 3,0
464,2,GPA:<2,0
464,3,Dropouts,10
465,1,GPA:2 to 3,0
465,2,GPA:<2,0
465,3,Not Enroll,0
465,4,GPA:2 to 3,0
465,5,GPA:2 to 3,0
465,6,GPA:2 to 3,0
465,7,GPA:2 to 3,0
465,8,Grad,1
466,1,GPA:2 to 3,0
466,2,GPA:<2,0
466,3,Not Enroll,0
466,4,GPA:2 to 3,0
466,5,GPA:2 to 3,0
466,6,GPA:2 to 3,0
466,7,GPA:>3,0
466,8,GPA:>3,0
466,9,Grad,1
467,1,GPA:2 to 3,0
467,2,GPA:<2,0
467,3,Not Enroll,0
467,4,Not Enroll,0
467,5,GPA:2 to 3,0
467,6,GPA:2 to 3,0
467,7,GPA:2 to 3,0
467,8,GPA:2 to 3,0
467,9,GPA:2 to 3,0
467,10,GPA:2 to 3,0
467,11,Grad,1
468,1,GPA:2 to 3,0
468,2,GPA:<2,0
468,3,Not Enroll,0
468,4,Not Enroll,0
468,5,Dropouts,1
469,1,GPA:2 to 3,0
469,2,GPA:<2,0
469,3,Not Enroll,0
469,4,Not Enroll,0
469,5,Not Enroll,0
469,6,Not Enroll,0
469,7,GPA:2 to 3,0
469,8,GPA:2 to 3,0
469,9,Dropouts,1
470,1,GPA:2 to 3,0
470,2,GPA:>3,0
470,3,GPA:2 to 3,0
470,4,GPA:2 to 3,0
470,5,GPA:2 to 3,0
470,6,GPA:2 to 3,0
470,7,GPA:2 to 3,0
470,8,GPA:2 to 3,0
470,9,GPA:2 to 3,0
470,10,GPA:2 to 3,0
470,11,GPA:2 to 3,0
470,12,Grad,1
471,1,GPA:2 to 3,0
471,2,GPA:>3,0
471,3,GPA:2 to 3,0
471,4,GPA:2 to 3,0
471,5,GPA:2 to 3,0
471,6,GPA:2 to 3,0
471,7,GPA:2 to 3,0
471,8,GPA:2 to 3,0
471,9,GPA:2 to 3,0
471,10,GPA:2 to 3,0
471,11,GPA:2 to 3,0
471,12,Still Enro,2
472,1,GPA:2 to 3,0
472,2,GPA:>3,0
472,3,GPA:2 to 3,0
472,4,GPA:2 to 3,0
472,5,GPA:2 to 3,0
472,6,GPA:2 to 3,0
472,7,GPA:2 to 3,0
472,8,GPA:2 to 3,0
472,9,GPA:2 to 3,0
472,10,GPA:2 to 3,0
472,11,Dropouts,1
473,1,GPA:2 to 3,0
473,2,GPA:>3,0
473,3,GPA:2 to 3,0
473,4,GPA:2 to 3,0
473,5,GPA:2 to 3,0
473,6,GPA:2 to 3,0
473,7,GPA:2 to 3,0
473,8,GPA:2 to 3,0
473,9,GPA:2 to 3,0
473,10,GPA:2 to 3,0
473,11,Grad,7
474,1,GPA:2 to 3,0
474,2,GPA:>3,0
474,3,GPA:2 to 3,0
474,4,GPA:2 to 3,0
474,5,GPA:2 to 3,0
474,6,GPA:2 to 3,0
474,7,GPA:2 to 3,0
474,8,GPA:2 to 3,0
474,9,GPA:2 to 3,0
474,10,GPA:2 to 3,0
474,11,Not Enroll,0
474,12,Still Enro,1
475,1,GPA:2 to 3,0
475,2,GPA:>3,0
475,3,GPA:2 to 3,0
475,4,GPA:2 to 3,0
475,5,GPA:2 to 3,0
475,6,GPA:2 to 3,0
475,7,GPA:2 to 3,0
475,8,GPA:2 to 3,0
475,9,GPA:2 to 3,0
475,10,Dropouts,1
476,1,GPA:2 to 3,0
476,2,GPA:>3,0
476,3,GPA:2 to 3,0
476,4,GPA:2 to 3,0
476,5,GPA:2 to 3,0
476,6,GPA:2 to 3,0
476,7,GPA:2 to 3,0
476,8,GPA:2 to 3,0
476,9,GPA:2 to 3,0
476,10,Grad,5
477,1,GPA:2 to 3,0
477,2,GPA:>3,0
477,3,GPA:2 to 3,0
477,4,GPA:2 to 3,0
477,5,GPA:2 to 3,0
477,6,GPA:2 to 3,0
477,7,GPA:2 to 3,0
477,8,GPA:2 to 3,0
477,9,GPA:2 to 3,0
477,10,Not Enroll,0
477,11,Not Enroll,0
477,12,Still Enro,1
478,1,GPA:2 to 3,0
478,2,GPA:>3,0
478,3,GPA:2 to 3,0
478,4,GPA:2 to 3,0
478,5,GPA:2 to 3,0
478,6,GPA:2 to 3,0
478,7,GPA:2 to 3,0
478,8,GPA:2 to 3,0
478,9,GPA:>3,0
478,10,GPA:>3,0
478,11,Grad,1
479,1,GPA:2 to 3,0
479,2,GPA:>3,0
479,3,GPA:2 to 3,0
479,4,GPA:2 to 3,0
479,5,GPA:2 to 3,0
479,6,GPA:2 to 3,0
479,7,GPA:2 to 3,0
479,8,GPA:2 to 3,0
479,9,GPA:>3,0
479,10,Grad,1
480,1,GPA:2 to 3,0
480,2,GPA:>3,0
480,3,GPA:2 to 3,0
480,4,GPA:2 to 3,0
480,5,GPA:2 to 3,0
480,6,GPA:2 to 3,0
480,7,GPA:2 to 3,0
480,8,GPA:2 to 3,0
480,9,Grad,8
481,1,GPA:2 to 3,0
481,2,GPA:>3,0
481,3,GPA:2 to 3,0
481,4,GPA:2 to 3,0
481,5,GPA:2 to 3,0
481,6,GPA:2 to 3,0
481,7,GPA:2 to 3,0
481,8,GPA:>3,0
481,9,Grad,2
482,1,GPA:2 to 3,0
482,2,GPA:>3,0
482,3,GPA:2 to 3,0
482,4,GPA:2 to 3,0
482,5,GPA:2 to 3,0
482,6,GPA:2 to 3,0
482,7,GPA:2 to 3,0
482,8,Grad,8
483,1,GPA:2 to 3,0
483,2,GPA:>3,0
483,3,GPA:2 to 3,0
483,4,GPA:2 to 3,0
483,5,GPA:2 to 3,0
483,6,GPA:2 to 3,0
483,7,GPA:>3,0
483,8,GPA:2 to 3,0
483,9,Grad,1
484,1,GPA:2 to 3,0
484,2,GPA:>3,0
484,3,GPA:2 to 3,0
484,4,GPA:2 to 3,0
484,5,GPA:2 to 3,0
484,6,GPA:2 to 3,0
484,7,GPA:>3,0
484,8,GPA:2 to 3,0
484,9,Not Enroll,0
484,10,Not Enroll,0
484,11,Grad,1
485,1,GPA:2 to 3,0
485,2,GPA:>3,0
485,3,GPA:2 to 3,0
485,4,GPA:2 to 3,0
485,5,GPA:2 to 3,0
485,6,GPA:2 to 3,0
485,7,GPA:>3,0
485,8,GPA:>3,0
485,9,GPA:>3,0
485,10,GPA:>3,0
485,11,GPA:>3,0
485,12,Still Enro,1
486,1,GPA:2 to 3,0
486,2,GPA:>3,0
486,3,GPA:2 to 3,0
486,4,GPA:2 to 3,0
486,5,GPA:2 to 3,0
486,6,GPA:2 to 3,0
486,7,GPA:>3,0
486,8,GPA:>3,0
486,9,Grad,3
487,1,GPA:2 to 3,0
487,2,GPA:>3,0
487,3,GPA:2 to 3,0
487,4,GPA:2 to 3,0
487,5,GPA:2 to 3,0
487,6,GPA:2 to 3,0
487,7,GPA:>3,0
487,8,Grad,2
488,1,GPA:2 to 3,0
488,2,GPA:>3,0
488,3,GPA:2 to 3,0
488,4,GPA:2 to 3,0
488,5,GPA:2 to 3,0
488,6,GPA:2 to 3,0
488,7,Not Enroll,0
488,8,Not Enroll,0
488,9,GPA:<2,0
488,10,GPA:<2,0
488,11,Not Enroll,0
488,12,Still Enro,1
489,1,GPA:2 to 3,0
489,2,GPA:>3,0
489,3,GPA:2 to 3,0
489,4,GPA:2 to 3,0
489,5,GPA:2 to 3,0
489,6,GPA:>3,0
489,7,GPA:>3,0
489,8,GPA:>3,0
489,9,GPA:>3,0
489,10,GPA:2 to 3,0
489,11,GPA:>3,0
489,12,Grad,1
490,1,GPA:2 to 3,0
490,2,GPA:>3,0
490,3,GPA:2 to 3,0
490,4,GPA:2 to 3,0
490,5,GPA:2 to 3,0
490,6,GPA:>3,0
490,7,GPA:>3,0
490,8,GPA:>3,0
490,9,GPA:>3,0
490,10,Grad,1
491,1,GPA:2 to 3,0
491,2,GPA:>3,0
491,3,GPA:2 to 3,0
491,4,GPA:2 to 3,0
491,5,GPA:2 to 3,0
491,6,GPA:>3,0
491,7,GPA:>3,0
491,8,GPA:>3,0
491,9,Grad,2
492,1,GPA:2 to 3,0
492,2,GPA:>3,0
492,3,GPA:2 to 3,0
492,4,GPA:2 to 3,0
492,5,GPA:2 to 3,0
492,6,Not Enroll,0
492,7,Not Enroll,0
492,8,Not Enroll,0
492,9,Not Enroll,0
492,10,GPA:2 to 3,0
492,11,GPA:2 to 3,0
492,12,Still Enro,1
493,1,GPA:2 to 3,0
493,2,GPA:>3,0
493,3,GPA:2 to 3,0
493,4,GPA:2 to 3,0
493,5,GPA:>3,0
493,6,GPA:2 to 3,0
493,7,GPA:2 to 3,0
493,8,GPA:2 to 3,0
493,9,GPA:2 to 3,0
493,10,GPA:2 to 3,0
493,11,GPA:2 to 3,0
493,12,Still Enro,1
494,1,GPA:2 to 3,0
494,2,GPA:>3,0
494,3,GPA:2 to 3,0
494,4,GPA:2 to 3,0
494,5,GPA:>3,0
494,6,GPA:2 to 3,0
494,7,GPA:>3,0
494,8,GPA:>3,0
494,9,Grad,1
495,1,GPA:2 to 3,0
495,2,GPA:>3,0
495,3,GPA:2 to 3,0
495,4,GPA:2 to 3,0
495,5,GPA:>3,0
495,6,GPA:>3,0
495,7,GPA:2 to 3,0
495,8,GPA:2 to 3,0
495,9,GPA:2 to 3,0
495,10,GPA:2 to 3,0
495,11,Grad,1
496,1,GPA:2 to 3,0
496,2,GPA:>3,0
496,3,GPA:2 to 3,0
496,4,GPA:2 to 3,0
496,5,GPA:>3,0
496,6,GPA:>3,0
496,7,GPA:2 to 3,0
496,8,GPA:2 to 3,0
496,9,GPA:2 to 3,0
496,10,Grad,1
497,1,GPA:2 to 3,0
497,2,GPA:>3,0
497,3,GPA:2 to 3,0
497,4,GPA:2 to 3,0
497,5,GPA:>3,0
497,6,GPA:>3,0
497,7,GPA:2 to 3,0
497,8,GPA:>3,0
497,9,Grad,1
498,1,GPA:2 to 3,0
498,2,GPA:>3,0
498,3,GPA:2 to 3,0
498,4,GPA:2 to 3,0
498,5,GPA:>3,0
498,6,GPA:>3,0
498,7,GPA:>3,0
498,8,GPA:>3,0
498,9,Grad,2
499,1,GPA:2 to 3,0
499,2,GPA:>3,0
499,3,GPA:2 to 3,0
499,4,GPA:2 to 3,0
499,5,GPA:>3,0
499,6,GPA:>3,0
499,7,GPA:>3,0
499,8,Grad,4
500,1,GPA:2 to 3,0
500,2,GPA:>3,0
500,3,GPA:2 to 3,0
500,4,GPA:2 to 3,0
500,5,Not Enroll,0
500,6,GPA:2 to 3,0
500,7,GPA:2 to 3,0
500,8,GPA:2 to 3,0
500,9,GPA:2 to 3,0
500,10,GPA:>3,0
500,11,Grad,1
501,1,GPA:2 to 3,0
501,2,GPA:>3,0
501,3,GPA:2 to 3,0
501,4,GPA:2 to 3,0
501,5,Not Enroll,0
501,6,Not Enroll,0
501,7,GPA:2 to 3,0
501,8,GPA:2 to 3,0
501,9,Dropouts,1
502,1,GPA:2 to 3,0
502,2,GPA:>3,0
502,3,GPA:2 to 3,0
502,4,GPA:<2,0
502,5,GPA:2 to 3,0
502,6,GPA:2 to 3,0
502,7,GPA:2 to 3,0
502,8,Not Enroll,0
502,9,Not Enroll,0
502,10,Not Enroll,0
502,11,GPA:2 to 3,0
502,12,Dropouts,1
503,1,GPA:2 to 3,0
503,2,GPA:>3,0
503,3,GPA:2 to 3,0
503,4,GPA:<2,0
503,5,GPA:<2,0
503,6,Dropouts,1
504,1,GPA:2 to 3,0
504,2,GPA:>3,0
504,3,GPA:2 to 3,0
504,4,GPA:>3,0
504,5,GPA:2 to 3,0
504,6,GPA:2 to 3,0
504,7,GPA:2 to 3,0
504,8,GPA:2 to 3,0
504,9,GPA:2 to 3,0
504,10,GPA:2 to 3,0
504,11,Grad,1
505,1,GPA:2 to 3,0
505,2,GPA:>3,0
505,3,GPA:2 to 3,0
505,4,GPA:>3,0
505,5,GPA:2 to 3,0
505,6,GPA:2 to 3,0
505,7,GPA:2 to 3,0
505,8,GPA:2 to 3,0
505,9,GPA:2 to 3,0
505,10,Grad,1
506,1,GPA:2 to 3,0
506,2,GPA:>3,0
506,3,GPA:2 to 3,0
506,4,GPA:>3,0
506,5,GPA:2 to 3,0
506,6,GPA:2 to 3,0
506,7,GPA:2 to 3,0
506,8,GPA:2 to 3,0
506,9,Grad,1
507,1,GPA:2 to 3,0
507,2,GPA:>3,0
507,3,GPA:2 to 3,0
507,4,GPA:>3,0
507,5,GPA:2 to 3,0
507,6,GPA:2 to 3,0
507,7,GPA:2 to 3,0
507,8,GPA:2 to 3,0
507,9,Not Enroll,0
507,10,Grad,1
508,1,GPA:2 to 3,0
508,2,GPA:>3,0
508,3,GPA:2 to 3,0
508,4,GPA:>3,0
508,5,GPA:2 to 3,0
508,6,GPA:2 to 3,0
508,7,GPA:2 to 3,0
508,8,GPA:>3,0
508,9,Grad,1
509,1,GPA:2 to 3,0
509,2,GPA:>3,0
509,3,GPA:2 to 3,0
509,4,GPA:>3,0
509,5,GPA:2 to 3,0
509,6,GPA:>3,0
509,7,GPA:>3,0
509,8,GPA:>3,0
509,9,Grad,1
510,1,GPA:2 to 3,0
510,2,GPA:>3,0
510,3,GPA:2 to 3,0
510,4,GPA:>3,0
510,5,GPA:>3,0
510,6,GPA:2 to 3,0
510,7,GPA:2 to 3,0
510,8,GPA:2 to 3,0
510,9,GPA:2 to 3,0
510,10,Grad,1
511,1,GPA:2 to 3,0
511,2,GPA:>3,0
511,3,GPA:2 to 3,0
511,4,GPA:>3,0
511,5,GPA:>3,0
511,6,GPA:2 to 3,0
511,7,GPA:>3,0
511,8,GPA:>3,0
511,9,Grad,1
512,1,GPA:2 to 3,0
512,2,GPA:>3,0
512,3,GPA:2 to 3,0
512,4,GPA:>3,0
512,5,GPA:>3,0
512,6,GPA:>3,0
512,7,GPA:>3,0
512,8,GPA:>3,0
512,9,GPA:>3,0
512,10,Grad,3
513,1,GPA:2 to 3,0
513,2,GPA:>3,0
513,3,GPA:2 to 3,0
513,4,GPA:>3,0
513,5,GPA:>3,0
513,6,GPA:>3,0
513,7,GPA:>3,0
513,8,GPA:>3,0
513,9,Grad,6
514,1,GPA:2 to 3,0
514,2,GPA:>3,0
514,3,GPA:2 to 3,0
514,4,GPA:>3,0
514,5,GPA:>3,0
514,6,GPA:>3,0
514,7,GPA:>3,0
514,8,Grad,3
515,1,GPA:2 to 3,0
515,2,GPA:>3,0
515,3,GPA:2 to 3,0
515,4,GPA:>3,0
515,5,GPA:>3,0
515,6,GPA:>3,0
515,7,Grad,1
516,1,GPA:2 to 3,0
516,2,GPA:>3,0
516,3,GPA:2 to 3,0
516,4,GPA:>3,0
516,5,GPA:>3,0
516,6,Grad,1
517,1,GPA:2 to 3,0
517,2,GPA:>3,0
517,3,GPA:2 to 3,0
517,4,GPA:>3,0
517,5,Dropouts,1
518,1,GPA:2 to 3,0
518,2,GPA:>3,0
518,3,GPA:2 to 3,0
518,4,Dropouts,7
519,1,GPA:2 to 3,0
519,2,GPA:>3,0
519,3,GPA:>3,0
519,4,GPA:2 to 3,0
519,5,GPA:2 to 3,0
519,6,GPA:2 to 3,0
519,7,GPA:2 to 3,0
519,8,GPA:2 to 3,0
519,9,GPA:2 to 3,0
519,10,GPA:2 to 3,0
519,11,Grad,1
520,1,GPA:2 to 3,0
520,2,GPA:>3,0
520,3,GPA:>3,0
520,4,GPA:2 to 3,0
520,5,GPA:2 to 3,0
520,6,GPA:2 to 3,0
520,7,GPA:2 to 3,0
520,8,GPA:2 to 3,0
520,9,Grad,3
521,1,GPA:2 to 3,0
521,2,GPA:>3,0
521,3,GPA:>3,0
521,4,GPA:2 to 3,0
521,5,GPA:2 to 3,0
521,6,GPA:2 to 3,0
521,7,GPA:2 to 3,0
521,8,GPA:>3,0
521,9,GPA:>3,0
521,10,Grad,1
522,1,GPA:2 to 3,0
522,2,GPA:>3,0
522,3,GPA:>3,0
522,4,GPA:2 to 3,0
522,5,GPA:2 to 3,0
522,6,GPA:2 to 3,0
522,7,GPA:2 to 3,0
522,8,Grad,5
523,1,GPA:2 to 3,0
523,2,GPA:>3,0
523,3,GPA:>3,0
523,4,GPA:2 to 3,0
523,5,GPA:2 to 3,0
523,6,GPA:2 to 3,0
523,7,GPA:>3,0
523,8,GPA:>3,0
523,9,GPA:>3,0
523,10,GPA:>3,0
523,11,Grad,1
524,1,GPA:2 to 3,0
524,2,GPA:>3,0
524,3,GPA:>3,0
524,4,GPA:2 to 3,0
524,5,GPA:2 to 3,0
524,6,GPA:2 to 3,0
524,7,GPA:>3,0
524,8,GPA:>3,0
524,9,GPA:>3,0
524,10,Grad,2
525,1,GPA:2 to 3,0
525,2,GPA:>3,0
525,3,GPA:>3,0
525,4,GPA:2 to 3,0
525,5,GPA:2 to 3,0
525,6,GPA:2 to 3,0
525,7,GPA:>3,0
525,8,GPA:>3,0
525,9,Grad,3
526,1,GPA:2 to 3,0
526,2,GPA:>3,0
526,3,GPA:>3,0
526,4,GPA:2 to 3,0
526,5,GPA:2 to 3,0
526,6,GPA:>3,0
526,7,GPA:>3,0
526,8,GPA:>3,0
526,9,GPA:>3,0
526,10,Grad,1
527,1,GPA:2 to 3,0
527,2,GPA:>3,0
527,3,GPA:>3,0
527,4,GPA:2 to 3,0
527,5,GPA:2 to 3,0
527,6,GPA:>3,0
527,7,GPA:>3,0
527,8,GPA:>3,0
527,9,Grad,1
528,1,GPA:2 to 3,0
528,2,GPA:>3,0
528,3,GPA:>3,0
528,4,GPA:2 to 3,0
528,5,GPA:2 to 3,0
528,6,GPA:>3,0
528,7,GPA:>3,0
528,8,Grad,1
529,1,GPA:2 to 3,0
529,2,GPA:>3,0
529,3,GPA:>3,0
529,4,GPA:2 to 3,0
529,5,GPA:2 to 3,0
529,6,Dropouts,1
530,1,GPA:2 to 3,0
530,2,GPA:>3,0
530,3,GPA:>3,0
530,4,GPA:2 to 3,0
530,5,GPA:>3,0
530,6,GPA:2 to 3,0
530,7,GPA:2 to 3,0
530,8,GPA:2 to 3,0
530,9,Grad,1
531,1,GPA:2 to 3,0
531,2,GPA:>3,0
531,3,GPA:>3,0
531,4,GPA:2 to 3,0
531,5,GPA:>3,0
531,6,GPA:2 to 3,0
531,7,GPA:2 to 3,0
531,8,GPA:>3,0
531,9,GPA:>3,0
531,10,Grad,1
532,1,GPA:2 to 3,0
532,2,GPA:>3,0
532,3,GPA:>3,0
532,4,GPA:2 to 3,0
532,5,GPA:>3,0
532,6,GPA:2 to 3,0
532,7,GPA:2 to 3,0
532,8,Grad,1
533,1,GPA:2 to 3,0
533,2,GPA:>3,0
533,3,GPA:>3,0
533,4,GPA:2 to 3,0
533,5,GPA:>3,0
533,6,GPA:2 to 3,0
533,7,GPA:>3,0
533,8,Grad,1
534,1,GPA:2 to 3,0
534,2,GPA:>3,0
534,3,GPA:>3,0
534,4,GPA:2 to 3,0
534,5,GPA:>3,0
534,6,GPA:>3,0
534,7,GPA:2 to 3,0
534,8,GPA:2 to 3,0
534,9,GPA:2 to 3,0
534,10,Not Enroll,0
534,11,Not Enroll,0
534,12,Still Enro,1
535,1,GPA:2 to 3,0
535,2,GPA:>3,0
535,3,GPA:>3,0
535,4,GPA:2 to 3,0
535,5,GPA:>3,0
535,6,GPA:>3,0
535,7,GPA:>3,0
535,8,GPA:>3,0
535,9,Grad,4
536,1,GPA:2 to 3,0
536,2,GPA:>3,0
536,3,GPA:>3,0
536,4,GPA:2 to 3,0
536,5,GPA:>3,0
536,6,GPA:>3,0
536,7,GPA:>3,0
536,8,Grad,2
537,1,GPA:2 to 3,0
537,2,GPA:>3,0
537,3,GPA:>3,0
537,4,GPA:>3,0
537,5,GPA:2 to 3,0
537,6,GPA:2 to 3,0
537,7,GPA:2 to 3,0
537,8,GPA:2 to 3,0
537,9,GPA:2 to 3,0
537,10,GPA:2 to 3,0
537,11,GPA:2 to 3,0
537,12,Still Enro,1
538,1,GPA:2 to 3,0
538,2,GPA:>3,0
538,3,GPA:>3,0
538,4,GPA:>3,0
538,5,GPA:2 to 3,0
538,6,GPA:2 to 3,0
538,7,GPA:2 to 3,0
538,8,GPA:2 to 3,0
538,9,GPA:2 to 3,0
538,10,GPA:2 to 3,0
538,11,Grad,3
539,1,GPA:2 to 3,0
539,2,GPA:>3,0
539,3,GPA:>3,0
539,4,GPA:>3,0
539,5,GPA:2 to 3,0
539,6,GPA:2 to 3,0
539,7,GPA:2 to 3,0
539,8,GPA:2 to 3,0
539,9,GPA:2 to 3,0
539,10,Grad,2
540,1,GPA:2 to 3,0
540,2,GPA:>3,0
540,3,GPA:>3,0
540,4,GPA:>3,0
540,5,GPA:2 to 3,0
540,6,GPA:2 to 3,0
540,7,GPA:2 to 3,0
540,8,GPA:2 to 3,0
540,9,GPA:>3,0
540,10,Grad,1
541,1,GPA:2 to 3,0
541,2,GPA:>3,0
541,3,GPA:>3,0
541,4,GPA:>3,0
541,5,GPA:2 to 3,0
541,6,GPA:2 to 3,0
541,7,GPA:2 to 3,0
541,8,GPA:2 to 3,0
541,9,Grad,2
542,1,GPA:2 to 3,0
542,2,GPA:>3,0
542,3,GPA:>3,0
542,4,GPA:>3,0
542,5,GPA:2 to 3,0
542,6,GPA:2 to 3,0
542,7,GPA:2 to 3,0
542,8,GPA:2 to 3,0
542,9,Not Enroll,0
542,10,Not Enroll,0
542,11,Grad,1
543,1,GPA:2 to 3,0
543,2,GPA:>3,0
543,3,GPA:>3,0
543,4,GPA:>3,0
543,5,GPA:2 to 3,0
543,6,GPA:2 to 3,0
543,7,GPA:2 to 3,0
543,8,Grad,5
544,1,GPA:2 to 3,0
544,2,GPA:>3,0
544,3,GPA:>3,0
544,4,GPA:>3,0
544,5,GPA:2 to 3,0
544,6,GPA:2 to 3,0
544,7,GPA:>3,0
544,8,GPA:>3,0
544,9,GPA:>3,0
544,10,GPA:>3,0
544,11,Grad,1
545,1,GPA:2 to 3,0
545,2,GPA:>3,0
545,3,GPA:>3,0
545,4,GPA:>3,0
545,5,GPA:2 to 3,0
545,6,GPA:2 to 3,0
545,7,GPA:>3,0
545,8,GPA:>3,0
545,9,Grad,1
546,1,GPA:2 to 3,0
546,2,GPA:>3,0
546,3,GPA:>3,0
546,4,GPA:>3,0
546,5,GPA:2 to 3,0
546,6,GPA:2 to 3,0
546,7,Dropouts,1
547,1,GPA:2 to 3,0
547,2,GPA:>3,0
547,3,GPA:>3,0
547,4,GPA:>3,0
547,5,GPA:2 to 3,0
547,6,GPA:2 to 3,0
547,7,Not Enroll,0
547,8,GPA:2 to 3,0
547,9,GPA:2 to 3,0
547,10,GPA:2 to 3,0
547,11,GPA:2 to 3,0
547,12,Still Enro,1
548,1,GPA:2 to 3,0
548,2,GPA:>3,0
548,3,GPA:>3,0
548,4,GPA:>3,0
548,5,GPA:2 to 3,0
548,6,GPA:>3,0
548,7,GPA:2 to 3,0
548,8,GPA:>3,0
548,9,GPA:2 to 3,0
548,10,Grad,1
549,1,GPA:2 to 3,0
549,2,GPA:>3,0
549,3,GPA:>3,0
549,4,GPA:>3,0
549,5,GPA:2 to 3,0
549,6,Grad,1
550,1,GPA:2 to 3,0
550,2,GPA:>3,0
550,3,GPA:>3,0
550,4,GPA:>3,0
550,5,GPA:>3,0
550,6,GPA:2 to 3,0
550,7,GPA:2 to 3,0
550,8,GPA:2 to 3,0
550,9,GPA:2 to 3,0
550,10,GPA:2 to 3,0
550,11,Grad,1
551,1,GPA:2 to 3,0
551,2,GPA:>3,0
551,3,GPA:>3,0
551,4,GPA:>3,0
551,5,GPA:>3,0
551,6,GPA:2 to 3,0
551,7,GPA:2 to 3,0
551,8,GPA:2 to 3,0
551,9,GPA:2 to 3,0
551,10,Dropouts,1
552,1,GPA:2 to 3,0
552,2,GPA:>3,0
552,3,GPA:>3,0
552,4,GPA:>3,0
552,5,GPA:>3,0
552,6,GPA:2 to 3,0
552,7,GPA:2 to 3,0
552,8,GPA:2 to 3,0
552,9,GPA:2 to 3,0
552,10,Grad,2
553,1,GPA:2 to 3,0
553,2,GPA:>3,0
553,3,GPA:>3,0
553,4,GPA:>3,0
553,5,GPA:>3,0
553,6,GPA:2 to 3,0
553,7,GPA:2 to 3,0
553,8,GPA:2 to 3,0
553,9,Grad,1
554,1,GPA:2 to 3,0
554,2,GPA:>3,0
554,3,GPA:>3,0
554,4,GPA:>3,0
554,5,GPA:>3,0
554,6,GPA:2 to 3,0
554,7,GPA:2 to 3,0
554,8,Grad,2
555,1,GPA:2 to 3,0
555,2,GPA:>3,0
555,3,GPA:>3,0
555,4,GPA:>3,0
555,5,GPA:>3,0
555,6,GPA:2 to 3,0
555,7,GPA:>3,0
555,8,GPA:2 to 3,0
555,9,GPA:2 to 3,0
555,10,GPA:2 to 3,0
555,11,Grad,1
556,1,GPA:2 to 3,0
556,2,GPA:>3,0
556,3,GPA:>3,0
556,4,GPA:>3,0
556,5,GPA:>3,0
556,6,GPA:2 to 3,0
556,7,GPA:>3,0
556,8,GPA:>3,0
556,9,GPA:>3,0
556,10,Grad,1
557,1,GPA:2 to 3,0
557,2,GPA:>3,0
557,3,GPA:>3,0
557,4,GPA:>3,0
557,5,GPA:>3,0
557,6,GPA:2 to 3,0
557,7,GPA:>3,0
557,8,GPA:>3,0
557,9,Grad,2
558,1,GPA:2 to 3,0
558,2,GPA:>3,0
558,3,GPA:>3,0
558,4,GPA:>3,0
558,5,GPA:>3,0
558,6,GPA:2 to 3,0
558,7,GPA:>3,0
558,8,Grad,1
559,1,GPA:2 to 3,0
559,2,GPA:>3,0
559,3,GPA:>3,0
559,4,GPA:>3,0
559,5,GPA:>3,0
559,6,GPA:>3,0
559,7,GPA:2 to 3,0
559,8,GPA:2 to 3,0
559,9,GPA:2 to 3,0
559,10,Grad,1
560,1,GPA:2 to 3,0
560,2,GPA:>3,0
560,3,GPA:>3,0
560,4,GPA:>3,0
560,5,GPA:>3,0
560,6,GPA:>3,0
560,7,GPA:2 to 3,0
560,8,Grad,3
561,1,GPA:2 to 3,0
561,2,GPA:>3,0
561,3,GPA:>3,0
561,4,GPA:>3,0
561,5,GPA:>3,0
561,6,GPA:>3,0
561,7,GPA:>3,0
561,8,GPA:2 to 3,0
561,9,Grad,2
562,1,GPA:2 to 3,0
562,2,GPA:>3,0
562,3,GPA:>3,0
562,4,GPA:>3,0
562,5,GPA:>3,0
562,6,GPA:>3,0
562,7,GPA:>3,0
562,8,GPA:>3,0
562,9,GPA:>3,0
562,10,GPA:>3,0
562,11,GPA:>3,0
562,12,Grad,2
563,1,GPA:2 to 3,0
563,2,GPA:>3,0
563,3,GPA:>3,0
563,4,GPA:>3,0
563,5,GPA:>3,0
563,6,GPA:>3,0
563,7,GPA:>3,0
563,8,GPA:>3,0
563,9,GPA:>3,0
563,10,GPA:>3,0
563,11,GPA:>3,0
563,12,Still Enro,3
564,1,GPA:2 to 3,0
564,2,GPA:>3,0
564,3,GPA:>3,0
564,4,GPA:>3,0
564,5,GPA:>3,0
564,6,GPA:>3,0
564,7,GPA:>3,0
564,8,GPA:>3,0
564,9,GPA:>3,0
564,10,GPA:>3,0
564,11,Grad,8
565,1,GPA:2 to 3,0
565,2,GPA:>3,0
565,3,GPA:>3,0
565,4,GPA:>3,0
565,5,GPA:>3,0
565,6,GPA:>3,0
565,7,GPA:>3,0
565,8,GPA:>3,0
565,9,GPA:>3,0
565,10,Grad,23
566,1,GPA:2 to 3,0
566,2,GPA:>3,0
566,3,GPA:>3,0
566,4,GPA:>3,0
566,5,GPA:>3,0
566,6,GPA:>3,0
566,7,GPA:>3,0
566,8,GPA:>3,0
566,9,Dropouts,1
567,1,GPA:2 to 3,0
567,2,GPA:>3,0
567,3,GPA:>3,0
567,4,GPA:>3,0
567,5,GPA:>3,0
567,6,GPA:>3,0
567,7,GPA:>3,0
567,8,GPA:>3,0
567,9,Grad,60
568,1,GPA:2 to 3,0
568,2,GPA:>3,0
568,3,GPA:>3,0
568,4,GPA:>3,0
568,5,GPA:>3,0
568,6,GPA:>3,0
568,7,GPA:>3,0
568,8,Grad,132
569,1,GPA:2 to 3,0
569,2,GPA:>3,0
569,3,GPA:>3,0
569,4,GPA:>3,0
569,5,GPA:>3,0
569,6,GPA:>3,0
569,7,GPA:>3,0
569,8,Not Enroll,0
569,9,Grad,1
570,1,GPA:2 to 3,0
570,2,GPA:>3,0
570,3,GPA:>3,0
570,4,GPA:>3,0
570,5,GPA:>3,0
570,6,GPA:>3,0
570,7,Grad,14
571,1,GPA:2 to 3,0
571,2,GPA:>3,0
571,3,GPA:>3,0
571,4,GPA:>3,0
571,5,GPA:>3,0
571,6,GPA:>3,0
571,7,Not Enroll,0
571,8,GPA:>3,0
571,9,GPA:>3,0
571,10,Grad,1
572,1,GPA:2 to 3,0
572,2,GPA:>3,0
572,3,GPA:>3,0
572,4,GPA:>3,0
572,5,GPA:>3,0
572,6,Dropouts,2
573,1,GPA:2 to 3,0
573,2,GPA:>3,0
573,3,GPA:>3,0
573,4,GPA:>3,0
573,5,GPA:>3,0
573,6,Grad,4
574,1,GPA:2 to 3,0
574,2,GPA:>3,0
574,3,GPA:>3,0
574,4,GPA:>3,0
574,5,GPA:>3,0
574,6,Not Enroll,0
574,7,GPA:2 to 3,0
574,8,GPA:2 to 3,0
574,9,GPA:2 to 3,0
574,10,GPA:2 to 3,0
574,11,GPA:2 to 3,0
574,12,Dropouts,1
575,1,GPA:2 to 3,0
575,2,GPA:>3,0
575,3,GPA:>3,0
575,4,GPA:>3,0
575,5,Not Enroll,0
575,6,GPA:>3,0
575,7,GPA:>3,0
575,8,GPA:>3,0
575,9,GPA:>3,0
575,10,Grad,1
576,1,GPA:2 to 3,0
576,2,GPA:>3,0
576,3,GPA:>3,0
576,4,GPA:>3,0
576,5,Not Enroll,0
576,6,Not Enroll,0
576,7,Not Enroll,0
576,8,Not Enroll,0
576,9,Not Enroll,0
576,10,GPA:>3,0
576,11,GPA:>3,0
576,12,Still Enro,1
577,1,GPA:2 to 3,0
577,2,GPA:>3,0
577,3,GPA:>3,0
577,4,Dropouts,10
578,1,GPA:2 to 3,0
578,2,GPA:>3,0
578,3,GPA:>3,0
578,4,Not Enroll,0
578,5,Not Enroll,0
578,6,Not Enroll,0
578,7,Not Enroll,0
578,8,GPA:>3,0
578,9,GPA:>3,0
578,10,GPA:>3,0
578,11,GPA:>3,0
578,12,Still Enro,1
579,1,GPA:2 to 3,0
579,2,GPA:>3,0
579,3,Dropouts,2
580,1,GPA:2 to 3,0
580,2,GPA:>3,0
580,3,Not Enroll,0
580,4,GPA:>3,0
580,5,GPA:>3,0
580,6,GPA:2 to 3,0
580,7,GPA:>3,0
580,8,GPA:>3,0
580,9,Not Enroll,0
580,10,Not Enroll,0
580,11,Not Enroll,0
580,12,Still Enro,1
581,1,GPA:2 to 3,0
581,2,GPA:>3,0
581,3,Not Enroll,0
581,4,Not Enroll,0
581,5,GPA:>3,0
581,6,GPA:>3,0
581,7,GPA:>3,0
581,8,GPA:>3,0
581,9,GPA:>3,0
581,10,Not Enroll,0
581,11,GPA:>3,0
581,12,Still Enro,1
582,1,GPA:2 to 3,0
582,2,Dropouts,125
583,1,GPA:2 to 3,0
583,2,Not Enroll,0
583,3,GPA:2 to 3,0
583,4,GPA:2 to 3,0
583,5,GPA:2 to 3,0
583,6,GPA:2 to 3,0
583,7,GPA:2 to 3,0
583,8,GPA:2 to 3,0
583,9,GPA:2 to 3,0
583,10,Grad,1
584,1,GPA:2 to 3,0
584,2,Not Enroll,0
584,3,GPA:2 to 3,0
584,4,GPA:2 to 3,0
584,5,GPA:2 to 3,0
584,6,GPA:2 to 3,0
584,7,GPA:2 to 3,0
584,8,GPA:2 to 3,0
584,9,Grad,1
585,1,GPA:2 to 3,0
585,2,Not Enroll,0
585,3,GPA:2 to 3,0
585,4,GPA:2 to 3,0
585,5,Not Enroll,0
585,6,Not Enroll,0
585,7,Dropouts,1
586,1,GPA:2 to 3,0
586,2,Not Enroll,0
586,3,GPA:2 to 3,0
586,4,GPA:<2,0
586,5,GPA:<2,0
586,6,Dropouts,1
587,1,GPA:2 to 3,0
587,2,Not Enroll,0
587,3,GPA:2 to 3,0
587,4,Dropouts,1
588,1,GPA:2 to 3,0
588,2,Not Enroll,0
588,3,GPA:<2,0
588,4,GPA:2 to 3,0
588,5,GPA:2 to 3,0
588,6,GPA:2 to 3,0
588,7,GPA:2 to 3,0
588,8,GPA:2 to 3,0
588,9,Not Enroll,0
588,10,GPA:2 to 3,0
588,11,Grad,1
589,1,GPA:2 to 3,0
589,2,Not Enroll,0
589,3,Dropouts,1
590,1,GPA:2 to 3,0
590,2,Not Enroll,0
590,3,Not Enroll,0
590,4,GPA:>3,0
590,5,GPA:2 to 3,0
590,6,GPA:2 to 3,0
590,7,GPA:>3,0
590,8,GPA:>3,0
590,9,GPA:>3,0
590,10,Grad,1
591,1,GPA:2 to 3,0
591,2,Not Enroll,0
591,3,Not Enroll,0
591,4,Dropouts,1
592,1,GPA:2 to 3,0
592,2,Not Enroll,0
592,3,Not Enroll,0
592,4,Not Enroll,0
592,5,GPA:2 to 3,0
592,6,GPA:2 to 3,0
592,7,GPA:2 to 3,0
592,8,GPA:2 to 3,0
592,9,GPA:>3,0
592,10,GPA:>3,0
592,11,Grad,1
593,1,GPA:2 to 3,0
593,2,Not Enroll,0
593,3,Not Enroll,0
593,4,Not Enroll,0
593,5,Not Enroll,0
593,6,Not Enroll,0
593,7,GPA:2 to 3,0
593,8,GPA:2 to 3,0
593,9,GPA:2 to 3,0
593,10,GPA:2 to 3,0
593,11,GPA:2 to 3,0
593,12,Still Enro,1
594,1,GPA:2 to 3,0
594,2,Not Enroll,0
594,3,Not Enroll,0
594,4,Not Enroll,0
594,5,Not Enroll,0
594,6,Not Enroll,0
594,7,GPA:2 to 3,0
594,8,GPA:2 to 3,0
594,9,Dropouts,1
595,1,GPA:2 to 3,0
595,2,Not Enroll,0
595,3,Not Enroll,0
595,4,Not Enroll,0
595,5,Not Enroll,0
595,6,Not Enroll,0
595,7,Not Enroll,0
595,8,GPA:2 to 3,0
595,9,GPA:2 to 3,0
595,10,GPA:2 to 3,0
595,11,GPA:2 to 3,0
595,12,Dropouts,1
596,1,GPA:>3,0
596,2,GPA:2 to 3,0
596,3,GPA:2 to 3,0
596,4,GPA:2 to 3,0
596,5,GPA:2 to 3,0
596,6,GPA:2 to 3,0
596,7,GPA:2 to 3,0
596,8,GPA:2 to 3,0
596,9,GPA:2 to 3,0
596,10,Not Enroll,0
596,11,Dropouts,1
597,1,GPA:>3,0
597,2,GPA:2 to 3,0
597,3,GPA:>3,0
597,4,GPA:>3,0
597,5,Not Enroll,0
597,6,Not Enroll,0
597,7,Not Enroll,0
597,8,Not Enroll,0
597,9,GPA:>3,0
597,10,GPA:>3,0
597,11,GPA:>3,0
597,12,Grad,1
598,1,Dropouts,41
