840,1,GPA:>3,0
840,2,GPA:2 to 3,0
840,3,GPA:2 to 3,0
840,4,GPA:2 to 3,0
840,5,GPA:2 to 3,0
840,6,GPA:2 to 3,0
840,7,GPA:2 to 3,0
840,8,GPA:2 to 3,0
840,9,GPA:2 to 3,0
840,10,GPA:2 to 3,0
840,11,GPA:2 to 3,0
840,12,Grad,5
841,1,GPA:>3,0
841,2,GPA:2 to 3,0
841,3,GPA:2 to 3,0
841,4,GPA:2 to 3,0
841,5,GPA:2 to 3,0
841,6,GPA:2 to 3,0
841,7,GPA:2 to 3,0
841,8,GPA:2 to 3,0
841,9,GPA:2 to 3,0
841,10,GPA:2 to 3,0
841,11,GPA:2 to 3,0
841,12,Still Enro,6
842,1,GPA:>3,0
842,2,GPA:2 to 3,0
842,3,GPA:2 to 3,0
842,4,GPA:2 to 3,0
842,5,GPA:2 to 3,0
842,6,GPA:2 to 3,0
842,7,GPA:2 to 3,0
842,8,GPA:2 to 3,0
842,9,GPA:2 to 3,0
842,10,GPA:2 to 3,0
842,11,Dropouts,2
843,1,GPA:>3,0
843,2,GPA:2 to 3,0
843,3,GPA:2 to 3,0
843,4,GPA:2 to 3,0
843,5,GPA:2 to 3,0
843,6,GPA:2 to 3,0
843,7,GPA:2 to 3,0
843,8,GPA:2 to 3,0
843,9,GPA:2 to 3,0
843,10,GPA:2 to 3,0
843,11,Grad,8
844,1,GPA:>3,0
844,2,GPA:2 to 3,0
844,3,GPA:2 to 3,0
844,4,GPA:2 to 3,0
844,5,GPA:2 to 3,0
844,6,GPA:2 to 3,0
844,7,GPA:2 to 3,0
844,8,GPA:2 to 3,0
844,9,GPA:2 to 3,0
844,10,GPA:<2,0
844,11,Dropouts,1
845,1,GPA:>3,0
845,2,GPA:2 to 3,0
845,3,GPA:2 to 3,0
845,4,GPA:2 to 3,0
845,5,GPA:2 to 3,0
845,6,GPA:2 to 3,0
845,7,GPA:2 to 3,0
845,8,GPA:2 to 3,0
845,9,GPA:2 to 3,0
845,10,Dropouts,1
846,1,GPA:>3,0
846,2,GPA:2 to 3,0
846,3,GPA:2 to 3,0
846,4,GPA:2 to 3,0
846,5,GPA:2 to 3,0
846,6,GPA:2 to 3,0
846,7,GPA:2 to 3,0
846,8,GPA:2 to 3,0
846,9,GPA:2 to 3,0
846,10,Grad,22
847,1,GPA:>3,0
847,2,GPA:2 to 3,0
847,3,GPA:2 to 3,0
847,4,GPA:2 to 3,0
847,5,GPA:2 to 3,0
847,6,GPA:2 to 3,0
847,7,GPA:2 to 3,0
847,8,GPA:2 to 3,0
847,9,GPA:2 to 3,0
847,10,Not Enroll,0
847,11,GPA:2 to 3,0
847,12,Still Enro,1
848,1,GPA:>3,0
848,2,GPA:2 to 3,0
848,3,GPA:2 to 3,0
848,4,GPA:2 to 3,0
848,5,GPA:2 to 3,0
848,6,GPA:2 to 3,0
848,7,GPA:2 to 3,0
848,8,GPA:2 to 3,0
848,9,GPA:2 to 3,0
848,10,Not Enroll,0
848,11,Grad,1
849,1,GPA:>3,0
849,2,GPA:2 to 3,0
849,3,GPA:2 to 3,0
849,4,GPA:2 to 3,0
849,5,GPA:2 to 3,0
849,6,GPA:2 to 3,0
849,7,GPA:2 to 3,0
849,8,GPA:2 to 3,0
849,9,GPA:2 to 3,0
849,10,Not Enroll,0
849,11,Not Enroll,0
849,12,Still Enro,2
850,1,GPA:>3,0
850,2,GPA:2 to 3,0
850,3,GPA:2 to 3,0
850,4,GPA:2 to 3,0
850,5,GPA:2 to 3,0
850,6,GPA:2 to 3,0
850,7,GPA:2 to 3,0
850,8,GPA:2 to 3,0
850,9,GPA:>3,0
850,10,GPA:>3,0
850,11,Grad,1
851,1,GPA:>3,0
851,2,GPA:2 to 3,0
851,3,GPA:2 to 3,0
851,4,GPA:2 to 3,0
851,5,GPA:2 to 3,0
851,6,GPA:2 to 3,0
851,7,GPA:2 to 3,0
851,8,GPA:2 to 3,0
851,9,GPA:>3,0
851,10,Grad,1
852,1,GPA:>3,0
852,2,GPA:2 to 3,0
852,3,GPA:2 to 3,0
852,4,GPA:2 to 3,0
852,5,GPA:2 to 3,0
852,6,GPA:2 to 3,0
852,7,GPA:2 to 3,0
852,8,GPA:2 to 3,0
852,9,Dropouts,1
853,1,GPA:>3,0
853,2,GPA:2 to 3,0
853,3,GPA:2 to 3,0
853,4,GPA:2 to 3,0
853,5,GPA:2 to 3,0
853,6,GPA:2 to 3,0
853,7,GPA:2 to 3,0
853,8,GPA:2 to 3,0
853,9,Grad,44
854,1,GPA:>3,0
854,2,GPA:2 to 3,0
854,3,GPA:2 to 3,0
854,4,GPA:2 to 3,0
854,5,GPA:2 to 3,0
854,6,GPA:2 to 3,0
854,7,GPA:2 to 3,0
854,8,GPA:2 to 3,0
854,9,Not Enroll,0
854,10,GPA:2 to 3,0
854,11,GPA:2 to 3,0
854,12,Grad,1
855,1,GPA:>3,0
855,2,GPA:2 to 3,0
855,3,GPA:2 to 3,0
855,4,GPA:2 to 3,0
855,5,GPA:2 to 3,0
855,6,GPA:2 to 3,0
855,7,GPA:2 to 3,0
855,8,GPA:2 to 3,0
855,9,Not Enroll,0
855,10,GPA:2 to 3,0
855,11,GPA:2 to 3,0
855,12,Still Enro,1
856,1,GPA:>3,0
856,2,GPA:2 to 3,0
856,3,GPA:2 to 3,0
856,4,GPA:2 to 3,0
856,5,GPA:2 to 3,0
856,6,GPA:2 to 3,0
856,7,GPA:2 to 3,0
856,8,GPA:2 to 3,0
856,9,Not Enroll,0
856,10,GPA:2 to 3,0
856,11,Grad,1
857,1,GPA:>3,0
857,2,GPA:2 to 3,0
857,3,GPA:2 to 3,0
857,4,GPA:2 to 3,0
857,5,GPA:2 to 3,0
857,6,GPA:2 to 3,0
857,7,GPA:2 to 3,0
857,8,GPA:2 to 3,0
857,9,Not Enroll,0
857,10,Grad,2
858,1,GPA:>3,0
858,2,GPA:2 to 3,0
858,3,GPA:2 to 3,0
858,4,GPA:2 to 3,0
858,5,GPA:2 to 3,0
858,6,GPA:2 to 3,0
858,7,GPA:2 to 3,0
858,8,GPA:2 to 3,0
858,9,Not Enroll,0
858,10,Not Enroll,0
858,11,GPA:2 to 3,0
858,12,Still Enro,1
859,1,GPA:>3,0
859,2,GPA:2 to 3,0
859,3,GPA:2 to 3,0
859,4,GPA:2 to 3,0
859,5,GPA:2 to 3,0
859,6,GPA:2 to 3,0
859,7,GPA:2 to 3,0
859,8,GPA:<2,0
859,9,GPA:<2,0
859,10,Not Enroll,0
859,11,GPA:<2,0
859,12,Still Enro,1
860,1,GPA:>3,0
860,2,GPA:2 to 3,0
860,3,GPA:2 to 3,0
860,4,GPA:2 to 3,0
860,5,GPA:2 to 3,0
860,6,GPA:2 to 3,0
860,7,GPA:2 to 3,0
860,8,GPA:>3,0
860,9,GPA:>3,0
860,10,GPA:>3,0
860,11,Grad,1
861,1,GPA:>3,0
861,2,GPA:2 to 3,0
861,3,GPA:2 to 3,0
861,4,GPA:2 to 3,0
861,5,GPA:2 to 3,0
861,6,GPA:2 to 3,0
861,7,GPA:2 to 3,0
861,8,GPA:>3,0
861,9,GPA:>3,0
861,10,Grad,1
862,1,GPA:>3,0
862,2,GPA:2 to 3,0
862,3,GPA:2 to 3,0
862,4,GPA:2 to 3,0
862,5,GPA:2 to 3,0
862,6,GPA:2 to 3,0
862,7,GPA:2 to 3,0
862,8,GPA:>3,0
862,9,Grad,5
863,1,GPA:>3,0
863,2,GPA:2 to 3,0
863,3,GPA:2 to 3,0
863,4,GPA:2 to 3,0
863,5,GPA:2 to 3,0
863,6,GPA:2 to 3,0
863,7,GPA:2 to 3,0
863,8,Dropouts,4
864,1,GPA:>3,0
864,2,GPA:2 to 3,0
864,3,GPA:2 to 3,0
864,4,GPA:2 to 3,0
864,5,GPA:2 to 3,0
864,6,GPA:2 to 3,0
864,7,GPA:2 to 3,0
864,8,Grad,29
865,1,GPA:>3,0
865,2,GPA:2 to 3,0
865,3,GPA:2 to 3,0
865,4,GPA:2 to 3,0
865,5,GPA:2 to 3,0
865,6,GPA:2 to 3,0
865,7,GPA:2 to 3,0
865,8,Not Enroll,0
865,9,GPA:2 to 3,0
865,10,Dropouts,1
866,1,GPA:>3,0
866,2,GPA:2 to 3,0
866,3,GPA:2 to 3,0
866,4,GPA:2 to 3,0
866,5,GPA:2 to 3,0
866,6,GPA:2 to 3,0
866,7,GPA:2 to 3,0
866,8,Not Enroll,0
866,9,Not Enroll,0
866,10,Not Enroll,0
866,11,GPA:2 to 3,0
866,12,Still Enro,1
867,1,GPA:>3,0
867,2,GPA:2 to 3,0
867,3,GPA:2 to 3,0
867,4,GPA:2 to 3,0
867,5,GPA:2 to 3,0
867,6,GPA:2 to 3,0
867,7,GPA:<2,0
867,8,GPA:<2,0
867,9,GPA:2 to 3,0
867,10,GPA:2 to 3,0
867,11,Grad,1
868,1,GPA:>3,0
868,2,GPA:2 to 3,0
868,3,GPA:2 to 3,0
868,4,GPA:2 to 3,0
868,5,GPA:2 to 3,0
868,6,GPA:2 to 3,0
868,7,GPA:<2,0
868,8,GPA:<2,0
868,9,Not Enroll,0
868,10,Not Enroll,0
868,11,GPA:2 to 3,0
868,12,Grad,1
869,1,GPA:>3,0
869,2,GPA:2 to 3,0
869,3,GPA:2 to 3,0
869,4,GPA:2 to 3,0
869,5,GPA:2 to 3,0
869,6,GPA:2 to 3,0
869,7,GPA:<2,0
869,8,GPA:<2,0
869,9,Not Enroll,0
869,10,Not Enroll,0
869,11,GPA:<2,0
869,12,Still Enro,1
870,1,GPA:>3,0
870,2,GPA:2 to 3,0
870,3,GPA:2 to 3,0
870,4,GPA:2 to 3,0
870,5,GPA:2 to 3,0
870,6,GPA:2 to 3,0
870,7,GPA:>3,0
870,8,GPA:2 to 3,0
870,9,Grad,1
871,1,GPA:>3,0
871,2,GPA:2 to 3,0
871,3,GPA:2 to 3,0
871,4,GPA:2 to 3,0
871,5,GPA:2 to 3,0
871,6,GPA:2 to 3,0
871,7,GPA:>3,0
871,8,GPA:>3,0
871,9,GPA:>3,0
871,10,GPA:>3,0
871,11,Grad,1
872,1,GPA:>3,0
872,2,GPA:2 to 3,0
872,3,GPA:2 to 3,0
872,4,GPA:2 to 3,0
872,5,GPA:2 to 3,0
872,6,GPA:2 to 3,0
872,7,GPA:>3,0
872,8,GPA:>3,0
872,9,Grad,3
873,1,GPA:>3,0
873,2,GPA:2 to 3,0
873,3,GPA:2 to 3,0
873,4,GPA:2 to 3,0
873,5,GPA:2 to 3,0
873,6,GPA:2 to 3,0
873,7,GPA:>3,0
873,8,Grad,5
874,1,GPA:>3,0
874,2,GPA:2 to 3,0
874,3,GPA:2 to 3,0
874,4,GPA:2 to 3,0
874,5,GPA:2 to 3,0
874,6,GPA:2 to 3,0
874,7,Dropouts,1
875,1,GPA:>3,0
875,2,GPA:2 to 3,0
875,3,GPA:2 to 3,0
875,4,GPA:2 to 3,0
875,5,GPA:2 to 3,0
875,6,GPA:2 to 3,0
875,7,Grad,3
876,1,GPA:>3,0
876,2,GPA:2 to 3,0
876,3,GPA:2 to 3,0
876,4,GPA:2 to 3,0
876,5,GPA:2 to 3,0
876,6,GPA:2 to 3,0
876,7,Not Enroll,0
876,8,GPA:2 to 3,0
876,9,GPA:2 to 3,0
876,10,GPA:2 to 3,0
876,11,GPA:2 to 3,0
876,12,Still Enro,1
877,1,GPA:>3,0
877,2,GPA:2 to 3,0
877,3,GPA:2 to 3,0
877,4,GPA:2 to 3,0
877,5,GPA:2 to 3,0
877,6,GPA:>3,0
877,7,GPA:2 to 3,0
877,8,GPA:2 to 3,0
877,9,GPA:2 to 3,0
877,10,GPA:2 to 3,0
877,11,Grad,1
878,1,GPA:>3,0
878,2,GPA:2 to 3,0
878,3,GPA:2 to 3,0
878,4,GPA:2 to 3,0
878,5,GPA:2 to 3,0
878,6,GPA:>3,0
878,7,GPA:2 to 3,0
878,8,GPA:>3,0
878,9,Grad,1
879,1,GPA:>3,0
879,2,GPA:2 to 3,0
879,3,GPA:2 to 3,0
879,4,GPA:2 to 3,0
879,5,GPA:2 to 3,0
879,6,GPA:>3,0
879,7,GPA:>3,0
879,8,GPA:>3,0
879,9,GPA:>3,0
879,10,GPA:>3,0
879,11,Grad,1
880,1,GPA:>3,0
880,2,GPA:2 to 3,0
880,3,GPA:2 to 3,0
880,4,GPA:2 to 3,0
880,5,GPA:2 to 3,0
880,6,GPA:>3,0
880,7,GPA:>3,0
880,8,GPA:>3,0
880,9,Grad,3
881,1,GPA:>3,0
881,2,GPA:2 to 3,0
881,3,GPA:2 to 3,0
881,4,GPA:2 to 3,0
881,5,GPA:2 to 3,0
881,6,GPA:>3,0
881,7,GPA:>3,0
881,8,Grad,5
882,1,GPA:>3,0
882,2,GPA:2 to 3,0
882,3,GPA:2 to 3,0
882,4,GPA:2 to 3,0
882,5,GPA:2 to 3,0
882,6,Dropouts,1
883,1,GPA:>3,0
883,2,GPA:2 to 3,0
883,3,GPA:2 to 3,0
883,4,GPA:2 to 3,0
883,5,GPA:2 to 3,0
883,6,Not Enroll,0
883,7,GPA:2 to 3,0
883,8,GPA:2 to 3,0
883,9,GPA:2 to 3,0
883,10,GPA:2 to 3,0
883,11,GPA:2 to 3,0
883,12,Still Enro,1
884,1,GPA:>3,0
884,2,GPA:2 to 3,0
884,3,GPA:2 to 3,0
884,4,GPA:2 to 3,0
884,5,GPA:2 to 3,0
884,6,Not Enroll,0
884,7,GPA:2 to 3,0
884,8,GPA:2 to 3,0
884,9,GPA:<2,0
884,10,GPA:2 to 3,0
884,11,Grad,1
885,1,GPA:>3,0
885,2,GPA:2 to 3,0
885,3,GPA:2 to 3,0
885,4,GPA:2 to 3,0
885,5,GPA:2 to 3,0
885,6,Not Enroll,0
885,7,Not Enroll,0
885,8,Not Enroll,0
885,9,Not Enroll,0
885,10,Not Enroll,0
885,11,Not Enroll,0
885,12,Still Enro,2
886,1,GPA:>3,0
886,2,GPA:2 to 3,0
886,3,GPA:2 to 3,0
886,4,GPA:2 to 3,0
886,5,GPA:<2,0
886,6,GPA:2 to 3,0
886,7,GPA:2 to 3,0
886,8,GPA:2 to 3,0
886,9,GPA:2 to 3,0
886,10,GPA:2 to 3,0
886,11,Grad,2
887,1,GPA:>3,0
887,2,GPA:2 to 3,0
887,3,GPA:2 to 3,0
887,4,GPA:2 to 3,0
887,5,GPA:<2,0
887,6,Dropouts,1
888,1,GPA:>3,0
888,2,GPA:2 to 3,0
888,3,GPA:2 to 3,0
888,4,GPA:2 to 3,0
888,5,GPA:<2,0
888,6,Not Enroll,0
888,7,Not Enroll,0
888,8,Dropouts,1
889,1,GPA:>3,0
889,2,GPA:2 to 3,0
889,3,GPA:2 to 3,0
889,4,GPA:2 to 3,0
889,5,GPA:>3,0
889,6,GPA:2 to 3,0
889,7,GPA:2 to 3,0
889,8,GPA:2 to 3,0
889,9,GPA:2 to 3,0
889,10,Grad,1
890,1,GPA:>3,0
890,2,GPA:2 to 3,0
890,3,GPA:2 to 3,0
890,4,GPA:2 to 3,0
890,5,GPA:>3,0
890,6,GPA:2 to 3,0
890,7,GPA:2 to 3,0
890,8,Grad,1
891,1,GPA:>3,0
891,2,GPA:2 to 3,0
891,3,GPA:2 to 3,0
891,4,GPA:2 to 3,0
891,5,GPA:>3,0
891,6,GPA:2 to 3,0
891,7,GPA:>3,0
891,8,GPA:>3,0
891,9,GPA:>3,0
891,10,Grad,1
892,1,GPA:>3,0
892,2,GPA:2 to 3,0
892,3,GPA:2 to 3,0
892,4,GPA:2 to 3,0
892,5,GPA:>3,0
892,6,GPA:2 to 3,0
892,7,GPA:>3,0
892,8,Grad,1
893,1,GPA:>3,0
893,2,GPA:2 to 3,0
893,3,GPA:2 to 3,0
893,4,GPA:2 to 3,0
893,5,GPA:>3,0
893,6,GPA:>3,0
893,7,GPA:2 to 3,0
893,8,GPA:2 to 3,0
893,9,GPA:>3,0
893,10,Grad,1
894,1,GPA:>3,0
894,2,GPA:2 to 3,0
894,3,GPA:2 to 3,0
894,4,GPA:2 to 3,0
894,5,GPA:>3,0
894,6,GPA:>3,0
894,7,GPA:2 to 3,0
894,8,GPA:2 to 3,0
894,9,Grad,1
895,1,GPA:>3,0
895,2,GPA:2 to 3,0
895,3,GPA:2 to 3,0
895,4,GPA:2 to 3,0
895,5,GPA:>3,0
895,6,GPA:>3,0
895,7,GPA:>3,0
895,8,GPA:2 to 3,0
895,9,GPA:2 to 3,0
895,10,GPA:2 to 3,0
895,11,Grad,1
896,1,GPA:>3,0
896,2,GPA:2 to 3,0
896,3,GPA:2 to 3,0
896,4,GPA:2 to 3,0
896,5,GPA:>3,0
896,6,GPA:>3,0
896,7,GPA:>3,0
896,8,GPA:2 to 3,0
896,9,GPA:>3,0
896,10,Grad,1
897,1,GPA:>3,0
897,2,GPA:2 to 3,0
897,3,GPA:2 to 3,0
897,4,GPA:2 to 3,0
897,5,GPA:>3,0
897,6,GPA:>3,0
897,7,GPA:>3,0
897,8,GPA:>3,0
897,9,GPA:>3,0
897,10,Grad,3
898,1,GPA:>3,0
898,2,GPA:2 to 3,0
898,3,GPA:2 to 3,0
898,4,GPA:2 to 3,0
898,5,GPA:>3,0
898,6,GPA:>3,0
898,7,GPA:>3,0
898,8,GPA:>3,0
898,9,Grad,8
899,1,GPA:>3,0
899,2,GPA:2 to 3,0
899,3,GPA:2 to 3,0
899,4,GPA:2 to 3,0
899,5,GPA:>3,0
899,6,GPA:>3,0
899,7,GPA:>3,0
899,8,Grad,14
900,1,GPA:>3,0
900,2,GPA:2 to 3,0
900,3,GPA:2 to 3,0
900,4,GPA:2 to 3,0
900,5,GPA:>3,0
900,6,GPA:>3,0
900,7,Grad,1
901,1,GPA:>3,0
901,2,GPA:2 to 3,0
901,3,GPA:2 to 3,0
901,4,GPA:2 to 3,0
901,5,Dropouts,1
902,1,GPA:>3,0
902,2,GPA:2 to 3,0
902,3,GPA:2 to 3,0
902,4,GPA:2 to 3,0
902,5,Not Enroll,0
902,6,GPA:2 to 3,0
902,7,GPA:2 to 3,0
902,8,Grad,1
903,1,GPA:>3,0
903,2,GPA:2 to 3,0
903,3,GPA:2 to 3,0
903,4,GPA:2 to 3,0
903,5,Not Enroll,0
903,6,GPA:<2,0
903,7,Dropouts,1
904,1,GPA:>3,0
904,2,GPA:2 to 3,0
904,3,GPA:2 to 3,0
904,4,GPA:2 to 3,0
904,5,Not Enroll,0
904,6,Not Enroll,0
904,7,Not Enroll,0
904,8,Not Enroll,0
904,9,Not Enroll,0
904,10,Not Enroll,0
904,11,Not Enroll,0
904,12,Still Enro,2
905,1,GPA:>3,0
905,2,GPA:2 to 3,0
905,3,GPA:2 to 3,0
905,4,GPA:<2,0
905,5,GPA:2 to 3,0
905,6,GPA:2 to 3,0
905,7,GPA:2 to 3,0
905,8,Not Enroll,0
905,9,Not Enroll,0
905,10,Not Enroll,0
905,11,Not Enroll,0
905,12,Still Enro,1
906,1,GPA:>3,0
906,2,GPA:2 to 3,0
906,3,GPA:2 to 3,0
906,4,GPA:<2,0
906,5,GPA:2 to 3,0
906,6,GPA:<2,0
906,7,GPA:<2,0
906,8,Dropouts,1
907,1,GPA:>3,0
907,2,GPA:2 to 3,0
907,3,GPA:2 to 3,0
907,4,GPA:<2,0
907,5,GPA:<2,0
907,6,GPA:2 to 3,0
907,7,GPA:2 to 3,0
907,8,GPA:2 to 3,0
907,9,Grad,1
908,1,GPA:>3,0
908,2,GPA:2 to 3,0
908,3,GPA:2 to 3,0
908,4,GPA:<2,0
908,5,Dropouts,2
909,1,GPA:>3,0
909,2,GPA:2 to 3,0
909,3,GPA:2 to 3,0
909,4,GPA:<2,0
909,5,Not Enroll,0
909,6,Not Enroll,0
909,7,GPA:2 to 3,0
909,8,GPA:2 to 3,0
909,9,GPA:2 to 3,0
909,10,Dropouts,1
910,1,GPA:>3,0
910,2,GPA:2 to 3,0
910,3,GPA:2 to 3,0
910,4,GPA:>3,0
910,5,GPA:2 to 3,0
910,6,GPA:2 to 3,0
910,7,GPA:2 to 3,0
910,8,GPA:2 to 3,0
910,9,Grad,2
911,1,GPA:>3,0
911,2,GPA:2 to 3,0
911,3,GPA:2 to 3,0
911,4,GPA:>3,0
911,5,GPA:2 to 3,0
911,6,GPA:2 to 3,0
911,7,GPA:2 to 3,0
911,8,Grad,1
912,1,GPA:>3,0
912,2,GPA:2 to 3,0
912,3,GPA:2 to 3,0
912,4,GPA:>3,0
912,5,GPA:2 to 3,0
912,6,GPA:2 to 3,0
912,7,GPA:>3,0
912,8,Grad,1
913,1,GPA:>3,0
913,2,GPA:2 to 3,0
913,3,GPA:2 to 3,0
913,4,GPA:>3,0
913,5,GPA:2 to 3,0
913,6,GPA:2 to 3,0
913,7,Not Enroll,0
913,8,GPA:2 to 3,0
913,9,GPA:2 to 3,0
913,10,GPA:2 to 3,0
913,11,Dropouts,1
914,1,GPA:>3,0
914,2,GPA:2 to 3,0
914,3,GPA:2 to 3,0
914,4,GPA:>3,0
914,5,GPA:2 to 3,0
914,6,GPA:>3,0
914,7,GPA:2 to 3,0
914,8,GPA:2 to 3,0
914,9,GPA:2 to 3,0
914,10,GPA:>3,0
914,11,GPA:>3,0
914,12,Grad,1
915,1,GPA:>3,0
915,2,GPA:2 to 3,0
915,3,GPA:2 to 3,0
915,4,GPA:>3,0
915,5,GPA:2 to 3,0
915,6,GPA:>3,0
915,7,GPA:2 to 3,0
915,8,GPA:2 to 3,0
915,9,GPA:2 to 3,0
915,10,Grad,1
916,1,GPA:>3,0
916,2,GPA:2 to 3,0
916,3,GPA:2 to 3,0
916,4,GPA:>3,0
916,5,GPA:2 to 3,0
916,6,GPA:>3,0
916,7,GPA:2 to 3,0
916,8,GPA:>3,0
916,9,Grad,1
917,1,GPA:>3,0
917,2,GPA:2 to 3,0
917,3,GPA:2 to 3,0
917,4,GPA:>3,0
917,5,GPA:2 to 3,0
917,6,GPA:>3,0
917,7,GPA:>3,0
917,8,Grad,1
918,1,GPA:>3,0
918,2,GPA:2 to 3,0
918,3,GPA:2 to 3,0
918,4,GPA:>3,0
918,5,GPA:>3,0
918,6,GPA:2 to 3,0
918,7,GPA:2 to 3,0
918,8,GPA:2 to 3,0
918,9,GPA:2 to 3,0
918,10,GPA:2 to 3,0
918,11,Not Enroll,0
918,12,Dropouts,1
919,1,GPA:>3,0
919,2,GPA:2 to 3,0
919,3,GPA:2 to 3,0
919,4,GPA:>3,0
919,5,GPA:>3,0
919,6,GPA:>3,0
919,7,GPA:2 to 3,0
919,8,GPA:2 to 3,0
919,9,Grad,1
920,1,GPA:>3,0
920,2,GPA:2 to 3,0
920,3,GPA:2 to 3,0
920,4,GPA:>3,0
920,5,GPA:>3,0
920,6,GPA:>3,0
920,7,GPA:2 to 3,0
920,8,GPA:>3,0
920,9,GPA:>3,0
920,10,GPA:>3,0
920,11,Grad,1
921,1,GPA:>3,0
921,2,GPA:2 to 3,0
921,3,GPA:2 to 3,0
921,4,GPA:>3,0
921,5,GPA:>3,0
921,6,GPA:>3,0
921,7,GPA:>3,0
921,8,GPA:2 to 3,0
921,9,Not Enroll,0
921,10,GPA:2 to 3,0
921,11,GPA:2 to 3,0
921,12,Still Enro,1
922,1,GPA:>3,0
922,2,GPA:2 to 3,0
922,3,GPA:2 to 3,0
922,4,GPA:>3,0
922,5,GPA:>3,0
922,6,GPA:>3,0
922,7,GPA:>3,0
922,8,GPA:>3,0
922,9,GPA:>3,0
922,10,GPA:>3,0
922,11,GPA:>3,0
922,12,Grad,2
923,1,GPA:>3,0
923,2,GPA:2 to 3,0
923,3,GPA:2 to 3,0
923,4,GPA:>3,0
923,5,GPA:>3,0
923,6,GPA:>3,0
923,7,GPA:>3,0
923,8,GPA:>3,0
923,9,GPA:>3,0
923,10,GPA:>3,0
923,11,Grad,1
924,1,GPA:>3,0
924,2,GPA:2 to 3,0
924,3,GPA:2 to 3,0
924,4,GPA:>3,0
924,5,GPA:>3,0
924,6,GPA:>3,0
924,7,GPA:>3,0
924,8,GPA:>3,0
924,9,GPA:>3,0
924,10,Not Enroll,0
924,11,Not Enroll,0
924,12,Still Enro,1
925,1,GPA:>3,0
925,2,GPA:2 to 3,0
925,3,GPA:2 to 3,0
925,4,GPA:>3,0
925,5,GPA:>3,0
925,6,GPA:>3,0
925,7,GPA:>3,0
925,8,GPA:>3,0
925,9,Grad,7
926,1,GPA:>3,0
926,2,GPA:2 to 3,0
926,3,GPA:2 to 3,0
926,4,GPA:>3,0
926,5,GPA:>3,0
926,6,GPA:>3,0
926,7,GPA:>3,0
926,8,Grad,9
927,1,GPA:>3,0
927,2,GPA:2 to 3,0
927,3,GPA:2 to 3,0
927,4,GPA:>3,0
927,5,GPA:>3,0
927,6,GPA:>3,0
927,7,GPA:>3,0
927,8,Not Enroll,0
927,9,GPA:>3,0
927,10,GPA:>3,0
927,11,Grad,1
928,1,GPA:>3,0
928,2,GPA:2 to 3,0
928,3,GPA:2 to 3,0
928,4,GPA:>3,0
928,5,GPA:>3,0
928,6,Grad,1
929,1,GPA:>3,0
929,2,GPA:2 to 3,0
929,3,GPA:2 to 3,0
929,4,Dropouts,20
930,1,GPA:>3,0
930,2,GPA:2 to 3,0
930,3,GPA:<2,0
930,4,GPA:2 to 3,0
930,5,GPA:2 to 3,0
930,6,GPA:2 to 3,0
930,7,GPA:2 to 3,0
930,8,GPA:2 to 3,0
930,9,GPA:<2,0
930,10,GPA:2 to 3,0
930,11,Not Enroll,0
930,12,Still Enro,1
931,1,GPA:>3,0
931,2,GPA:2 to 3,0
931,3,GPA:<2,0
931,4,GPA:<2,0
931,5,GPA:2 to 3,0
931,6,GPA:2 to 3,0
931,7,GPA:2 to 3,0
931,8,GPA:2 to 3,0
931,9,Grad,1
932,1,GPA:>3,0
932,2,GPA:2 to 3,0
932,3,GPA:<2,0
932,4,Not Enroll,0
932,5,GPA:2 to 3,0
932,6,GPA:2 to 3,0
932,7,GPA:2 to 3,0
932,8,GPA:2 to 3,0
932,9,GPA:2 to 3,0
932,10,Grad,1
933,1,GPA:>3,0
933,2,GPA:2 to 3,0
933,3,GPA:>3,0
933,4,GPA:2 to 3,0
933,5,GPA:2 to 3,0
933,6,GPA:2 to 3,0
933,7,GPA:2 to 3,0
933,8,GPA:2 to 3,0
933,9,GPA:2 to 3,0
933,10,GPA:2 to 3,0
933,11,Dropouts,1
934,1,GPA:>3,0
934,2,GPA:2 to 3,0
934,3,GPA:>3,0
934,4,GPA:2 to 3,0
934,5,GPA:2 to 3,0
934,6,GPA:2 to 3,0
934,7,GPA:2 to 3,0
934,8,GPA:2 to 3,0
934,9,GPA:2 to 3,0
934,10,GPA:2 to 3,0
934,11,Grad,1
935,1,GPA:>3,0
935,2,GPA:2 to 3,0
935,3,GPA:>3,0
935,4,GPA:2 to 3,0
935,5,GPA:2 to 3,0
935,6,GPA:2 to 3,0
935,7,GPA:2 to 3,0
935,8,GPA:2 to 3,0
935,9,GPA:2 to 3,0
935,10,Dropouts,1
936,1,GPA:>3,0
936,2,GPA:2 to 3,0
936,3,GPA:>3,0
936,4,GPA:2 to 3,0
936,5,GPA:2 to 3,0
936,6,GPA:2 to 3,0
936,7,GPA:2 to 3,0
936,8,GPA:2 to 3,0
936,9,GPA:2 to 3,0
936,10,Grad,1
937,1,GPA:>3,0
937,2,GPA:2 to 3,0
937,3,GPA:>3,0
937,4,GPA:2 to 3,0
937,5,GPA:2 to 3,0
937,6,GPA:2 to 3,0
937,7,GPA:2 to 3,0
937,8,GPA:2 to 3,0
937,9,GPA:>3,0
937,10,Grad,1
938,1,GPA:>3,0
938,2,GPA:2 to 3,0
938,3,GPA:>3,0
938,4,GPA:2 to 3,0
938,5,GPA:2 to 3,0
938,6,GPA:2 to 3,0
938,7,GPA:2 to 3,0
938,8,GPA:2 to 3,0
938,9,Grad,7
939,1,GPA:>3,0
939,2,GPA:2 to 3,0
939,3,GPA:>3,0
939,4,GPA:2 to 3,0
939,5,GPA:2 to 3,0
939,6,GPA:2 to 3,0
939,7,GPA:>3,0
939,8,GPA:>3,0
939,9,Dropouts,1
940,1,GPA:>3,0
940,2,GPA:2 to 3,0
940,3,GPA:>3,0
940,4,GPA:2 to 3,0
940,5,GPA:2 to 3,0
940,6,GPA:2 to 3,0
940,7,GPA:>3,0
940,8,GPA:>3,0
940,9,Grad,1
941,1,GPA:>3,0
941,2,GPA:2 to 3,0
941,3,GPA:>3,0
941,4,GPA:2 to 3,0
941,5,GPA:2 to 3,0
941,6,GPA:2 to 3,0
941,7,Grad,1
942,1,GPA:>3,0
942,2,GPA:2 to 3,0
942,3,GPA:>3,0
942,4,GPA:2 to 3,0
942,5,GPA:2 to 3,0
942,6,GPA:>3,0
942,7,GPA:>3,0
942,8,GPA:2 to 3,0
942,9,Grad,1
943,1,GPA:>3,0
943,2,GPA:2 to 3,0
943,3,GPA:>3,0
943,4,GPA:2 to 3,0
943,5,GPA:2 to 3,0
943,6,GPA:>3,0
943,7,GPA:>3,0
943,8,GPA:>3,0
943,9,GPA:>3,0
943,10,Grad,1
944,1,GPA:>3,0
944,2,GPA:2 to 3,0
944,3,GPA:>3,0
944,4,GPA:2 to 3,0
944,5,GPA:2 to 3,0
944,6,GPA:>3,0
944,7,GPA:>3,0
944,8,Grad,1
945,1,GPA:>3,0
945,2,GPA:2 to 3,0
945,3,GPA:>3,0
945,4,GPA:2 to 3,0
945,5,GPA:2 to 3,0
945,6,Dropouts,1
946,1,GPA:>3,0
946,2,GPA:2 to 3,0
946,3,GPA:>3,0
946,4,GPA:2 to 3,0
946,5,GPA:2 to 3,0
946,6,Not Enroll,0
946,7,GPA:2 to 3,0
946,8,GPA:2 to 3,0
946,9,Dropouts,1
947,1,GPA:>3,0
947,2,GPA:2 to 3,0
947,3,GPA:>3,0
947,4,GPA:2 to 3,0
947,5,GPA:2 to 3,0
947,6,Not Enroll,0
947,7,GPA:2 to 3,0
947,8,GPA:2 to 3,0
947,9,Grad,1
948,1,GPA:>3,0
948,2,GPA:2 to 3,0
948,3,GPA:>3,0
948,4,GPA:2 to 3,0
948,5,GPA:>3,0
948,6,GPA:2 to 3,0
948,7,GPA:2 to 3,0
948,8,GPA:2 to 3,0
948,9,GPA:>3,0
948,10,Grad,1
949,1,GPA:>3,0
949,2,GPA:2 to 3,0
949,3,GPA:>3,0
949,4,GPA:2 to 3,0
949,5,GPA:>3,0
949,6,GPA:2 to 3,0
949,7,GPA:>3,0
949,8,Grad,1
950,1,GPA:>3,0
950,2,GPA:2 to 3,0
950,3,GPA:>3,0
950,4,GPA:2 to 3,0
950,5,GPA:>3,0
950,6,GPA:>3,0
950,7,GPA:>3,0
950,8,GPA:>3,0
950,9,GPA:2 to 3,0
950,10,GPA:2 to 3,0
950,11,Not Enroll,0
950,12,Still Enro,1
951,1,GPA:>3,0
951,2,GPA:2 to 3,0
951,3,GPA:>3,0
951,4,GPA:2 to 3,0
951,5,GPA:>3,0
951,6,GPA:>3,0
951,7,GPA:>3,0
951,8,GPA:>3,0
951,9,GPA:>3,0
951,10,Grad,1
952,1,GPA:>3,0
952,2,GPA:2 to 3,0
952,3,GPA:>3,0
952,4,GPA:2 to 3,0
952,5,GPA:>3,0
952,6,GPA:>3,0
952,7,GPA:>3,0
952,8,GPA:>3,0
952,9,Grad,2
953,1,GPA:>3,0
953,2,GPA:2 to 3,0
953,3,GPA:>3,0
953,4,GPA:2 to 3,0
953,5,Dropouts,1
954,1,GPA:>3,0
954,2,GPA:2 to 3,0
954,3,GPA:>3,0
954,4,GPA:>3,0
954,5,GPA:2 to 3,0
954,6,GPA:2 to 3,0
954,7,GPA:2 to 3,0
954,8,GPA:2 to 3,0
954,9,GPA:2 to 3,0
954,10,Dropouts,1
955,1,GPA:>3,0
955,2,GPA:2 to 3,0
955,3,GPA:>3,0
955,4,GPA:>3,0
955,5,GPA:2 to 3,0
955,6,GPA:2 to 3,0
955,7,GPA:2 to 3,0
955,8,Grad,1
956,1,GPA:>3,0
956,2,GPA:2 to 3,0
956,3,GPA:>3,0
956,4,GPA:>3,0
956,5,GPA:2 to 3,0
956,6,GPA:2 to 3,0
956,7,GPA:>3,0
956,8,GPA:>3,0
956,9,Grad,1
957,1,GPA:>3,0
957,2,GPA:2 to 3,0
957,3,GPA:>3,0
957,4,GPA:>3,0
957,5,GPA:2 to 3,0
957,6,GPA:>3,0
957,7,GPA:>3,0
957,8,GPA:>3,0
957,9,Grad,1
958,1,GPA:>3,0
958,2,GPA:2 to 3,0
958,3,GPA:>3,0
958,4,GPA:>3,0
958,5,GPA:>3,0
958,6,GPA:2 to 3,0
958,7,GPA:2 to 3,0
958,8,GPA:2 to 3,0
958,9,Grad,2
959,1,GPA:>3,0
959,2,GPA:2 to 3,0
959,3,GPA:>3,0
959,4,GPA:>3,0
959,5,GPA:>3,0
959,6,GPA:2 to 3,0
959,7,GPA:2 to 3,0
959,8,GPA:>3,0
959,9,GPA:>3,0
959,10,Grad,1
960,1,GPA:>3,0
960,2,GPA:2 to 3,0
960,3,GPA:>3,0
960,4,GPA:>3,0
960,5,GPA:>3,0
960,6,GPA:2 to 3,0
960,7,GPA:>3,0
960,8,GPA:>3,0
960,9,Grad,1
961,1,GPA:>3,0
961,2,GPA:2 to 3,0
961,3,GPA:>3,0
961,4,GPA:>3,0
961,5,GPA:>3,0
961,6,GPA:>3,0
961,7,GPA:2 to 3,0
961,8,GPA:2 to 3,0
961,9,GPA:2 to 3,0
961,10,Not Enroll,0
961,11,Not Enroll,0
961,12,Still Enro,1
962,1,GPA:>3,0
962,2,GPA:2 to 3,0
962,3,GPA:>3,0
962,4,GPA:>3,0
962,5,GPA:>3,0
962,6,GPA:>3,0
962,7,GPA:2 to 3,0
962,8,GPA:>3,0
962,9,GPA:2 to 3,0
962,10,Grad,1
963,1,GPA:>3,0
963,2,GPA:2 to 3,0
963,3,GPA:>3,0
963,4,GPA:>3,0
963,5,GPA:>3,0
963,6,GPA:>3,0
963,7,GPA:>3,0
963,8,GPA:2 to 3,0
963,9,GPA:>3,0
963,10,GPA:2 to 3,0
963,11,Grad,1
964,1,GPA:>3,0
964,2,GPA:2 to 3,0
964,3,GPA:>3,0
964,4,GPA:>3,0
964,5,GPA:>3,0
964,6,GPA:>3,0
964,7,GPA:>3,0
964,8,GPA:>3,0
964,9,GPA:>3,0
964,10,GPA:>3,0
964,11,GPA:>3,0
964,12,Grad,1
965,1,GPA:>3,0
965,2,GPA:2 to 3,0
965,3,GPA:>3,0
965,4,GPA:>3,0
965,5,GPA:>3,0
965,6,GPA:>3,0
965,7,GPA:>3,0
965,8,GPA:>3,0
965,9,GPA:>3,0
965,10,GPA:>3,0
965,11,Grad,1
966,1,GPA:>3,0
966,2,GPA:2 to 3,0
966,3,GPA:>3,0
966,4,GPA:>3,0
966,5,GPA:>3,0
966,6,GPA:>3,0
966,7,GPA:>3,0
966,8,GPA:>3,0
966,9,GPA:>3,0
966,10,Grad,3
967,1,GPA:>3,0
967,2,GPA:2 to 3,0
967,3,GPA:>3,0
967,4,GPA:>3,0
967,5,GPA:>3,0
967,6,GPA:>3,0
967,7,GPA:>3,0
967,8,GPA:>3,0
967,9,Grad,12
968,1,GPA:>3,0
968,2,GPA:2 to 3,0
968,3,GPA:>3,0
968,4,GPA:>3,0
968,5,GPA:>3,0
968,6,GPA:>3,0
968,7,GPA:>3,0
968,8,GPA:>3,0
968,9,Not Enroll,0
968,10,GPA:>3,0
968,11,Grad,1
969,1,GPA:>3,0
969,2,GPA:2 to 3,0
969,3,GPA:>3,0
969,4,GPA:>3,0
969,5,GPA:>3,0
969,6,GPA:>3,0
969,7,GPA:>3,0
969,8,GPA:>3,0
969,9,Not Enroll,0
969,10,Grad,1
970,1,GPA:>3,0
970,2,GPA:2 to 3,0
970,3,GPA:>3,0
970,4,GPA:>3,0
970,5,GPA:>3,0
970,6,GPA:>3,0
970,7,GPA:>3,0
970,8,Grad,34
971,1,GPA:>3,0
971,2,GPA:2 to 3,0
971,3,GPA:>3,0
971,4,GPA:>3,0
971,5,GPA:>3,0
971,6,GPA:>3,0
971,7,Grad,1
972,1,GPA:>3,0
972,2,GPA:2 to 3,0
972,3,GPA:>3,0
972,4,GPA:>3,0
972,5,GPA:>3,0
972,6,Not Enroll,0
972,7,GPA:>3,0
972,8,Grad,1
973,1,GPA:>3,0
973,2,GPA:2 to 3,0
973,3,GPA:>3,0
973,4,Dropouts,3
974,1,GPA:>3,0
974,2,GPA:2 to 3,0
974,3,Dropouts,8
975,1,GPA:>3,0
975,2,GPA:2 to 3,0
975,3,Not Enroll,0
975,4,GPA:2 to 3,0
975,5,GPA:2 to 3,0
975,6,GPA:2 to 3,0
975,7,GPA:>3,0
975,8,Grad,1
976,1,GPA:>3,0
976,2,GPA:2 to 3,0
976,3,Not Enroll,0
976,4,GPA:2 to 3,0
976,5,GPA:2 to 3,0
976,6,GPA:>3,0
976,7,GPA:>3,0
976,8,GPA:>3,0
976,9,GPA:>3,0
976,10,Grad,1
977,1,GPA:>3,0
977,2,GPA:2 to 3,0
977,3,Not Enroll,0
977,4,GPA:>3,0
977,5,GPA:>3,0
977,6,GPA:>3,0
977,7,GPA:>3,0
977,8,Grad,1
978,1,GPA:>3,0
978,2,GPA:2 to 3,0
978,3,Not Enroll,0
978,4,Not Enroll,0
978,5,GPA:2 to 3,0
978,6,GPA:2 to 3,0
978,7,GPA:2 to 3,0
978,8,GPA:2 to 3,0
978,9,GPA:>3,0
978,10,GPA:>3,0
978,11,Grad,1
979,1,GPA:>3,0
979,2,GPA:2 to 3,0
979,3,Not Enroll,0
979,4,Not Enroll,0
979,5,GPA:2 to 3,0
979,6,GPA:2 to 3,0
979,7,GPA:<2,0
979,8,Dropouts,1
980,1,GPA:>3,0
980,2,GPA:2 to 3,0
980,3,Not Enroll,0
980,4,Not Enroll,0
980,5,Dropouts,1
981,1,GPA:>3,0
981,2,GPA:2 to 3,0
981,3,Not Enroll,0
981,4,Not Enroll,0
981,5,Not Enroll,0
981,6,Not Enroll,0
981,7,Not Enroll,0
981,8,Not Enroll,0
981,9,Not Enroll,0
981,10,GPA:>3,0
981,11,GPA:>3,0
981,12,Still Enro,1
982,1,GPA:>3,0
982,2,GPA:<2,0
982,3,GPA:<2,0
982,4,GPA:2 to 3,0
982,5,GPA:2 to 3,0
982,6,GPA:2 to 3,0
982,7,GPA:2 to 3,0
982,8,GPA:2 to 3,0
982,9,GPA:2 to 3,0
982,10,Not Enroll,0
982,11,GPA:2 to 3,0
982,12,Dropouts,1
983,1,GPA:>3,0
983,2,GPA:<2,0
983,3,GPA:<2,0
983,4,Dropouts,1
984,1,GPA:>3,0
984,2,GPA:<2,0
984,3,Dropouts,1
985,1,GPA:>3,0
985,2,GPA:>3,0
985,3,GPA:2 to 3,0
985,4,GPA:2 to 3,0
985,5,GPA:2 to 3,0
985,6,GPA:2 to 3,0
985,7,GPA:2 to 3,0
985,8,GPA:2 to 3,0
985,9,GPA:2 to 3,0
985,10,GPA:2 to 3,0
985,11,GPA:2 to 3,0
985,12,Grad,3
986,1,GPA:>3,0
986,2,GPA:>3,0
986,3,GPA:2 to 3,0
986,4,GPA:2 to 3,0
986,5,GPA:2 to 3,0
986,6,GPA:2 to 3,0
986,7,GPA:2 to 3,0
986,8,GPA:2 to 3,0
986,9,GPA:2 to 3,0
986,10,GPA:2 to 3,0
986,11,Grad,5
987,1,GPA:>3,0
987,2,GPA:>3,0
987,3,GPA:2 to 3,0
987,4,GPA:2 to 3,0
987,5,GPA:2 to 3,0
987,6,GPA:2 to 3,0
987,7,GPA:2 to 3,0
987,8,GPA:2 to 3,0
987,9,GPA:2 to 3,0
987,10,GPA:2 to 3,0
987,11,Not Enroll,0
987,12,Still Enro,1
988,1,GPA:>3,0
988,2,GPA:>3,0
988,3,GPA:2 to 3,0
988,4,GPA:2 to 3,0
988,5,GPA:2 to 3,0
988,6,GPA:2 to 3,0
988,7,GPA:2 to 3,0
988,8,GPA:2 to 3,0
988,9,GPA:2 to 3,0
988,10,GPA:>3,0
988,11,GPA:2 to 3,0
988,12,Grad,1
989,1,GPA:>3,0
989,2,GPA:>3,0
989,3,GPA:2 to 3,0
989,4,GPA:2 to 3,0
989,5,GPA:2 to 3,0
989,6,GPA:2 to 3,0
989,7,GPA:2 to 3,0
989,8,GPA:2 to 3,0
989,9,GPA:2 to 3,0
989,10,Dropouts,1
990,1,GPA:>3,0
990,2,GPA:>3,0
990,3,GPA:2 to 3,0
990,4,GPA:2 to 3,0
990,5,GPA:2 to 3,0
990,6,GPA:2 to 3,0
990,7,GPA:2 to 3,0
990,8,GPA:2 to 3,0
990,9,GPA:2 to 3,0
990,10,Grad,10
991,1,GPA:>3,0
991,2,GPA:>3,0
991,3,GPA:2 to 3,0
991,4,GPA:2 to 3,0
991,5,GPA:2 to 3,0
991,6,GPA:2 to 3,0
991,7,GPA:2 to 3,0
991,8,GPA:2 to 3,0
991,9,GPA:>3,0
991,10,Grad,1
992,1,GPA:>3,0
992,2,GPA:>3,0
992,3,GPA:2 to 3,0
992,4,GPA:2 to 3,0
992,5,GPA:2 to 3,0
992,6,GPA:2 to 3,0
992,7,GPA:2 to 3,0
992,8,GPA:2 to 3,0
992,9,Dropouts,3
993,1,GPA:>3,0
993,2,GPA:>3,0
993,3,GPA:2 to 3,0
993,4,GPA:2 to 3,0
993,5,GPA:2 to 3,0
993,6,GPA:2 to 3,0
993,7,GPA:2 to 3,0
993,8,GPA:2 to 3,0
993,9,Grad,20
994,1,GPA:>3,0
994,2,GPA:>3,0
994,3,GPA:2 to 3,0
994,4,GPA:2 to 3,0
994,5,GPA:2 to 3,0
994,6,GPA:2 to 3,0
994,7,GPA:2 to 3,0
994,8,GPA:2 to 3,0
994,9,Not Enroll,0
994,10,Not Enroll,0
994,11,Dropouts,1
995,1,GPA:>3,0
995,2,GPA:>3,0
995,3,GPA:2 to 3,0
995,4,GPA:2 to 3,0
995,5,GPA:2 to 3,0
995,6,GPA:2 to 3,0
995,7,GPA:2 to 3,0
995,8,GPA:>3,0
995,9,Grad,1
996,1,GPA:>3,0
996,2,GPA:>3,0
996,3,GPA:2 to 3,0
996,4,GPA:2 to 3,0
996,5,GPA:2 to 3,0
996,6,GPA:2 to 3,0
996,7,GPA:2 to 3,0
996,8,Dropouts,1
997,1,GPA:>3,0
997,2,GPA:>3,0
997,3,GPA:2 to 3,0
997,4,GPA:2 to 3,0
997,5,GPA:2 to 3,0
997,6,GPA:2 to 3,0
997,7,GPA:2 to 3,0
997,8,Grad,15
998,1,GPA:>3,0
998,2,GPA:>3,0
998,3,GPA:2 to 3,0
998,4,GPA:2 to 3,0
998,5,GPA:2 to 3,0
998,6,GPA:2 to 3,0
998,7,GPA:2 to 3,0
998,8,Not Enroll,0
998,9,GPA:2 to 3,0
998,10,Dropouts,1
999,1,GPA:>3,0
999,2,GPA:>3,0
999,3,GPA:2 to 3,0
999,4,GPA:2 to 3,0
999,5,GPA:2 to 3,0
999,6,GPA:2 to 3,0
999,7,GPA:>3,0
999,8,GPA:2 to 3,0
999,9,Grad,1
1000,1,GPA:>3,0
1000,2,GPA:>3,0
1000,3,GPA:2 to 3,0
1000,4,GPA:2 to 3,0
1000,5,GPA:2 to 3,0
1000,6,GPA:2 to 3,0
1000,7,GPA:>3,0
1000,8,GPA:2 to 3,0
1000,9,Not Enroll,0
1000,10,Not Enroll,0
1000,11,Grad,1
1001,1,GPA:>3,0
1001,2,GPA:>3,0
1001,3,GPA:2 to 3,0
1001,4,GPA:2 to 3,0
1001,5,GPA:2 to 3,0
1001,6,GPA:2 to 3,0
1001,7,GPA:>3,0
1001,8,GPA:>3,0
1001,9,GPA:2 to 3,0
1001,10,Grad,1
1002,1,GPA:>3,0
1002,2,GPA:>3,0
1002,3,GPA:2 to 3,0
1002,4,GPA:2 to 3,0
1002,5,GPA:2 to 3,0
1002,6,GPA:2 to 3,0
1002,7,GPA:>3,0
1002,8,GPA:>3,0
1002,9,Grad,2
1003,1,GPA:>3,0
1003,2,GPA:>3,0
1003,3,GPA:2 to 3,0
1003,4,GPA:2 to 3,0
1003,5,GPA:2 to 3,0
1003,6,GPA:2 to 3,0
1003,7,GPA:>3,0
1003,8,Grad,5
1004,1,GPA:>3,0
1004,2,GPA:>3,0
1004,3,GPA:2 to 3,0
1004,4,GPA:2 to 3,0
1004,5,GPA:2 to 3,0
1004,6,GPA:2 to 3,0
1004,7,Dropouts,2
1005,1,GPA:>3,0
1005,2,GPA:>3,0
1005,3,GPA:2 to 3,0
1005,4,GPA:2 to 3,0
1005,5,GPA:2 to 3,0
1005,6,GPA:2 to 3,0
1005,7,Grad,1
1006,1,GPA:>3,0
1006,2,GPA:>3,0
1006,3,GPA:2 to 3,0
1006,4,GPA:2 to 3,0
1006,5,GPA:2 to 3,0
1006,6,GPA:2 to 3,0
1006,7,Not Enroll,0
1006,8,GPA:2 to 3,0
1006,9,Not Enroll,0
1006,10,Grad,1
1007,1,GPA:>3,0
1007,2,GPA:>3,0
1007,3,GPA:2 to 3,0
1007,4,GPA:2 to 3,0
1007,5,GPA:2 to 3,0
1007,6,GPA:<2,0
1007,7,GPA:<2,0
1007,8,GPA:<2,0
1007,9,GPA:2 to 3,0
1007,10,Grad,1
1008,1,GPA:>3,0
1008,2,GPA:>3,0
1008,3,GPA:2 to 3,0
1008,4,GPA:2 to 3,0
1008,5,GPA:2 to 3,0
1008,6,GPA:<2,0
1008,7,GPA:<2,0
1008,8,GPA:<2,0
1008,9,Not Enroll,0
1008,10,Not Enroll,0
1008,11,GPA:2 to 3,0
1008,12,Still Enro,1
1009,1,GPA:>3,0
1009,2,GPA:>3,0
1009,3,GPA:2 to 3,0
1009,4,GPA:2 to 3,0
1009,5,GPA:2 to 3,0
1009,6,GPA:<2,0
1009,7,Dropouts,1
1010,1,GPA:>3,0
1010,2,GPA:>3,0
1010,3,GPA:2 to 3,0
1010,4,GPA:2 to 3,0
1010,5,GPA:2 to 3,0
1010,6,GPA:<2,0
1010,7,Not Enroll,0
1010,8,GPA:2 to 3,0
1010,9,GPA:2 to 3,0
1010,10,GPA:2 to 3,0
1010,11,Dropouts,1
1011,1,GPA:>3,0
1011,2,GPA:>3,0
1011,3,GPA:2 to 3,0
1011,4,GPA:2 to 3,0
1011,5,GPA:2 to 3,0
1011,6,GPA:>3,0
1011,7,GPA:2 to 3,0
1011,8,Grad,1
1012,1,GPA:>3,0
1012,2,GPA:>3,0
1012,3,GPA:2 to 3,0
1012,4,GPA:2 to 3,0
1012,5,GPA:2 to 3,0
1012,6,GPA:>3,0
1012,7,GPA:>3,0
1012,8,GPA:2 to 3,0
1012,9,GPA:>3,0
1012,10,Grad,1
1013,1,GPA:>3,0
1013,2,GPA:>3,0
1013,3,GPA:2 to 3,0
1013,4,GPA:2 to 3,0
1013,5,GPA:2 to 3,0
1013,6,GPA:>3,0
1013,7,GPA:>3,0
1013,8,GPA:>3,0
1013,9,GPA:>3,0
1013,10,GPA:>3,0
1013,11,GPA:>3,0
1013,12,Still Enro,1
1014,1,GPA:>3,0
1014,2,GPA:>3,0
1014,3,GPA:2 to 3,0
1014,4,GPA:2 to 3,0
1014,5,GPA:2 to 3,0
1014,6,GPA:>3,0
1014,7,GPA:>3,0
1014,8,GPA:>3,0
1014,9,Grad,2
1015,1,GPA:>3,0
1015,2,GPA:>3,0
1015,3,GPA:2 to 3,0
1015,4,GPA:2 to 3,0
1015,5,GPA:2 to 3,0
1015,6,GPA:>3,0
1015,7,GPA:>3,0
1015,8,Grad,6
1016,1,GPA:>3,0
1016,2,GPA:>3,0
1016,3,GPA:2 to 3,0
1016,4,GPA:2 to 3,0
1016,5,GPA:2 to 3,0
1016,6,Dropouts,4
1017,1,GPA:>3,0
1017,2,GPA:>3,0
1017,3,GPA:2 to 3,0
1017,4,GPA:2 to 3,0
1017,5,GPA:2 to 3,0
1017,6,Not Enroll,0
1017,7,GPA:2 to 3,0
1017,8,GPA:2 to 3,0
1017,9,GPA:2 to 3,0
1017,10,GPA:2 to 3,0
1017,11,Not Enroll,0
1017,12,Still Enro,1
1018,1,GPA:>3,0
1018,2,GPA:>3,0
1018,3,GPA:2 to 3,0
1018,4,GPA:2 to 3,0
1018,5,GPA:<2,0
1018,6,GPA:2 to 3,0
1018,7,Dropouts,1
1019,1,GPA:>3,0
1019,2,GPA:>3,0
1019,3,GPA:2 to 3,0
1019,4,GPA:2 to 3,0
1019,5,GPA:<2,0
1019,6,GPA:<2,0
1019,7,GPA:<2,0
1019,8,GPA:<2,0
1019,9,GPA:2 to 3,0
1019,10,GPA:2 to 3,0
1019,11,GPA:2 to 3,0
1019,12,Grad,1
1020,1,GPA:>3,0
1020,2,GPA:>3,0
1020,3,GPA:2 to 3,0
1020,4,GPA:2 to 3,0
1020,5,GPA:>3,0
1020,6,GPA:2 to 3,0
1020,7,GPA:2 to 3,0
1020,8,GPA:2 to 3,0
1020,9,GPA:2 to 3,0
1020,10,GPA:2 to 3,0
1020,11,GPA:2 to 3,0
1020,12,Still Enro,2
1021,1,GPA:>3,0
1021,2,GPA:>3,0
1021,3,GPA:2 to 3,0
1021,4,GPA:2 to 3,0
1021,5,GPA:>3,0
1021,6,GPA:2 to 3,0
1021,7,GPA:2 to 3,0
1021,8,GPA:2 to 3,0
1021,9,GPA:2 to 3,0
1021,10,Not Enroll,0
1021,11,GPA:2 to 3,0
1021,12,Still Enro,1
1022,1,GPA:>3,0
1022,2,GPA:>3,0
1022,3,GPA:2 to 3,0
1022,4,GPA:2 to 3,0
1022,5,GPA:>3,0
1022,6,GPA:2 to 3,0
1022,7,GPA:2 to 3,0
1022,8,GPA:2 to 3,0
1022,9,Grad,1
1023,1,GPA:>3,0
1023,2,GPA:>3,0
1023,3,GPA:2 to 3,0
1023,4,GPA:2 to 3,0
1023,5,GPA:>3,0
1023,6,GPA:2 to 3,0
1023,7,GPA:2 to 3,0
1023,8,Grad,2
1024,1,GPA:>3,0
1024,2,GPA:>3,0
1024,3,GPA:2 to 3,0
1024,4,GPA:2 to 3,0
1024,5,GPA:>3,0
1024,6,GPA:2 to 3,0
1024,7,GPA:>3,0
1024,8,Grad,1
1025,1,GPA:>3,0
1025,2,GPA:>3,0
1025,3,GPA:2 to 3,0
1025,4,GPA:2 to 3,0
1025,5,GPA:>3,0
1025,6,GPA:>3,0
1025,7,GPA:2 to 3,0
1025,8,GPA:2 to 3,0
1025,9,Grad,1
1026,1,GPA:>3,0
1026,2,GPA:>3,0
1026,3,GPA:2 to 3,0
1026,4,GPA:2 to 3,0
1026,5,GPA:>3,0
1026,6,GPA:>3,0
1026,7,GPA:2 to 3,0
1026,8,GPA:>3,0
1026,9,GPA:>3,0
1026,10,Grad,1
1027,1,GPA:>3,0
1027,2,GPA:>3,0
1027,3,GPA:2 to 3,0
1027,4,GPA:2 to 3,0
1027,5,GPA:>3,0
1027,6,GPA:>3,0
1027,7,GPA:>3,0
1027,8,GPA:>3,0
1027,9,GPA:>3,0
1027,10,Grad,2
1028,1,GPA:>3,0
1028,2,GPA:>3,0
1028,3,GPA:2 to 3,0
1028,4,GPA:2 to 3,0
1028,5,GPA:>3,0
1028,6,GPA:>3,0
1028,7,GPA:>3,0
1028,8,GPA:>3,0
1028,9,GPA:>3,0
1028,10,Not Enroll,0
1028,11,Not Enroll,0
1028,12,Still Enro,1
1029,1,GPA:>3,0
1029,2,GPA:>3,0
1029,3,GPA:2 to 3,0
1029,4,GPA:2 to 3,0
1029,5,GPA:>3,0
1029,6,GPA:>3,0
1029,7,GPA:>3,0
1029,8,GPA:>3,0
1029,9,Grad,4
1030,1,GPA:>3,0
1030,2,GPA:>3,0
1030,3,GPA:2 to 3,0
1030,4,GPA:2 to 3,0
1030,5,GPA:>3,0
1030,6,GPA:>3,0
1030,7,GPA:>3,0
1030,8,Grad,8
1031,1,GPA:>3,0
1031,2,GPA:>3,0
1031,3,GPA:2 to 3,0
1031,4,GPA:2 to 3,0
1031,5,GPA:>3,0
1031,6,Dropouts,1
1032,1,GPA:>3,0
1032,2,GPA:>3,0
1032,3,GPA:2 to 3,0
1032,4,GPA:2 to 3,0
1032,5,GPA:>3,0
1032,6,Not Enroll,0
1032,7,Not Enroll,0
1032,8,Not Enroll,0
1032,9,Not Enroll,0
1032,10,Not Enroll,0
1032,11,Not Enroll,0
1032,12,Still Enro,1
1033,1,GPA:>3,0
1033,2,GPA:>3,0
1033,3,GPA:2 to 3,0
1033,4,GPA:2 to 3,0
1033,5,Dropouts,2
1034,1,GPA:>3,0
1034,2,GPA:>3,0
1034,3,GPA:2 to 3,0
1034,4,GPA:2 to 3,0
1034,5,Not Enroll,0
1034,6,Not Enroll,0
1034,7,GPA:2 to 3,0
1034,8,GPA:2 to 3,0
1034,9,GPA:2 to 3,0
1034,10,GPA:2 to 3,0
1034,11,GPA:<2,0
1034,12,Still Enro,1
1035,1,GPA:>3,0
1035,2,GPA:>3,0
1035,3,GPA:2 to 3,0
1035,4,GPA:2 to 3,0
1035,5,Not Enroll,0
1035,6,Not Enroll,0
1035,7,GPA:2 to 3,0
1035,8,GPA:2 to 3,0
1035,9,GPA:2 to 3,0
1035,10,GPA:<2,0
1035,11,GPA:2 to 3,0
1035,12,Still Enro,1
1036,1,GPA:>3,0
1036,2,GPA:>3,0
1036,3,GPA:2 to 3,0
1036,4,GPA:2 to 3,0
1036,5,Not Enroll,0
1036,6,Not Enroll,0
1036,7,GPA:2 to 3,0
1036,8,GPA:2 to 3,0
1036,9,Not Enroll,0
1036,10,Not Enroll,0
1036,11,GPA:2 to 3,0
1036,12,Still Enro,1
1037,1,GPA:>3,0
1037,2,GPA:>3,0
1037,3,GPA:2 to 3,0
1037,4,GPA:<2,0
1037,5,GPA:2 to 3,0
1037,6,GPA:2 to 3,0
1037,7,GPA:2 to 3,0
1037,8,GPA:2 to 3,0
1037,9,GPA:2 to 3,0
1037,10,Grad,1
1038,1,GPA:>3,0
1038,2,GPA:>3,0
1038,3,GPA:2 to 3,0
1038,4,GPA:<2,0
1038,5,GPA:2 to 3,0
1038,6,GPA:2 to 3,0
1038,7,GPA:<2,0
1038,8,Dropouts,1
1039,1,GPA:>3,0
1039,2,GPA:>3,0
1039,3,GPA:2 to 3,0
1039,4,GPA:>3,0
1039,5,GPA:2 to 3,0
1039,6,GPA:2 to 3,0
1039,7,GPA:2 to 3,0
1039,8,GPA:2 to 3,0
1039,9,Grad,4
1040,1,GPA:>3,0
1040,2,GPA:>3,0
1040,3,GPA:2 to 3,0
1040,4,GPA:>3,0
1040,5,GPA:2 to 3,0
1040,6,GPA:2 to 3,0
1040,7,GPA:2 to 3,0
1040,8,Dropouts,1
1041,1,GPA:>3,0
1041,2,GPA:>3,0
1041,3,GPA:2 to 3,0
1041,4,GPA:>3,0
1041,5,GPA:2 to 3,0
1041,6,GPA:2 to 3,0
1041,7,GPA:2 to 3,0
1041,8,Grad,2
1042,1,GPA:>3,0
1042,2,GPA:>3,0
1042,3,GPA:2 to 3,0
1042,4,GPA:>3,0
1042,5,GPA:2 to 3,0
1042,6,GPA:>3,0
1042,7,GPA:>3,0
1042,8,GPA:>3,0
1042,9,Grad,2
1043,1,GPA:>3,0
1043,2,GPA:>3,0
1043,3,GPA:2 to 3,0
1043,4,GPA:>3,0
1043,5,GPA:>3,0
1043,6,GPA:2 to 3,0
1043,7,GPA:2 to 3,0
1043,8,GPA:2 to 3,0
1043,9,GPA:2 to 3,0
1043,10,Grad,1
1044,1,GPA:>3,0
1044,2,GPA:>3,0
1044,3,GPA:2 to 3,0
1044,4,GPA:>3,0
1044,5,GPA:>3,0
1044,6,GPA:2 to 3,0
1044,7,GPA:2 to 3,0
1044,8,GPA:2 to 3,0
1044,9,Grad,1
1045,1,GPA:>3,0
1045,2,GPA:>3,0
1045,3,GPA:2 to 3,0
1045,4,GPA:>3,0
1045,5,GPA:>3,0
1045,6,GPA:>3,0
1045,7,GPA:2 to 3,0
1045,8,GPA:2 to 3,0
1045,9,GPA:2 to 3,0
1045,10,GPA:2 to 3,0
1045,11,Grad,1
1046,1,GPA:>3,0
1046,2,GPA:>3,0
1046,3,GPA:2 to 3,0
1046,4,GPA:>3,0
1046,5,GPA:>3,0
1046,6,GPA:>3,0
1046,7,GPA:>3,0
1046,8,GPA:>3,0
1046,9,GPA:2 to 3,0
1046,10,Grad,1
1047,1,GPA:>3,0
1047,2,GPA:>3,0
1047,3,GPA:2 to 3,0
1047,4,GPA:>3,0
1047,5,GPA:>3,0
1047,6,GPA:>3,0
1047,7,GPA:>3,0
1047,8,GPA:>3,0
1047,9,GPA:>3,0
1047,10,GPA:>3,0
1047,11,Grad,1
1048,1,GPA:>3,0
1048,2,GPA:>3,0
1048,3,GPA:2 to 3,0
1048,4,GPA:>3,0
1048,5,GPA:>3,0
1048,6,GPA:>3,0
1048,7,GPA:>3,0
1048,8,GPA:>3,0
1048,9,GPA:>3,0
1048,10,Dropouts,1
1049,1,GPA:>3,0
1049,2,GPA:>3,0
1049,3,GPA:2 to 3,0
1049,4,GPA:>3,0
1049,5,GPA:>3,0
1049,6,GPA:>3,0
1049,7,GPA:>3,0
1049,8,GPA:>3,0
1049,9,GPA:>3,0
1049,10,Grad,4
1050,1,GPA:>3,0
1050,2,GPA:>3,0
1050,3,GPA:2 to 3,0
1050,4,GPA:>3,0
1050,5,GPA:>3,0
1050,6,GPA:>3,0
1050,7,GPA:>3,0
1050,8,GPA:>3,0
1050,9,Dropouts,1
1051,1,GPA:>3,0
1051,2,GPA:>3,0
1051,3,GPA:2 to 3,0
1051,4,GPA:>3,0
1051,5,GPA:>3,0
1051,6,GPA:>3,0
1051,7,GPA:>3,0
1051,8,GPA:>3,0
1051,9,Grad,16
1052,1,GPA:>3,0
1052,2,GPA:>3,0
1052,3,GPA:2 to 3,0
1052,4,GPA:>3,0
1052,5,GPA:>3,0
1052,6,GPA:>3,0
1052,7,GPA:>3,0
1052,8,Grad,12
1053,1,GPA:>3,0
1053,2,GPA:>3,0
1053,3,GPA:2 to 3,0
1053,4,GPA:>3,0
1053,5,GPA:>3,0
1053,6,GPA:>3,0
1053,7,Grad,2
1054,1,GPA:>3,0
1054,2,GPA:>3,0
1054,3,GPA:2 to 3,0
1054,4,GPA:>3,0
1054,5,Dropouts,2
1055,1,GPA:>3,0
1055,2,GPA:>3,0
1055,3,GPA:2 to 3,0
1055,4,Dropouts,10
1056,1,GPA:>3,0
1056,2,GPA:>3,0
1056,3,GPA:2 to 3,0
1056,4,Not Enroll,0
1056,5,GPA:2 to 3,0
1056,6,GPA:2 to 3,0
1056,7,GPA:2 to 3,0
1056,8,GPA:2 to 3,0
1056,9,Dropouts,1
1057,1,GPA:>3,0
1057,2,GPA:>3,0
1057,3,GPA:2 to 3,0
1057,4,Not Enroll,0
1057,5,Not Enroll,0
1057,6,Not Enroll,0
1057,7,Not Enroll,0
1057,8,Not Enroll,0
1057,9,GPA:2 to 3,0
1057,10,GPA:>3,0
1057,11,GPA:2 to 3,0
1057,12,Still Enro,1
1058,1,GPA:>3,0
1058,2,GPA:>3,0
1058,3,GPA:>3,0
1058,4,GPA:2 to 3,0
1058,5,GPA:2 to 3,0
1058,6,GPA:2 to 3,0
1058,7,GPA:2 to 3,0
1058,8,GPA:2 to 3,0
1058,9,GPA:2 to 3,0
1058,10,GPA:2 to 3,0
1058,11,GPA:2 to 3,0
1058,12,Grad,1
1059,1,GPA:>3,0
1059,2,GPA:>3,0
1059,3,GPA:>3,0
1059,4,GPA:2 to 3,0
1059,5,GPA:2 to 3,0
1059,6,GPA:2 to 3,0
1059,7,GPA:2 to 3,0
1059,8,GPA:2 to 3,0
1059,9,GPA:2 to 3,0
1059,10,GPA:2 to 3,0
1059,11,GPA:2 to 3,0
1059,12,Still Enro,2
1060,1,GPA:>3,0
1060,2,GPA:>3,0
1060,3,GPA:>3,0
1060,4,GPA:2 to 3,0
1060,5,GPA:2 to 3,0
1060,6,GPA:2 to 3,0
1060,7,GPA:2 to 3,0
1060,8,GPA:2 to 3,0
1060,9,GPA:2 to 3,0
1060,10,GPA:2 to 3,0
1060,11,Dropouts,1
1061,1,GPA:>3,0
1061,2,GPA:>3,0
1061,3,GPA:>3,0
1061,4,GPA:2 to 3,0
1061,5,GPA:2 to 3,0
1061,6,GPA:2 to 3,0
1061,7,GPA:2 to 3,0
1061,8,GPA:2 to 3,0
1061,9,GPA:2 to 3,0
1061,10,GPA:2 to 3,0
1061,11,Grad,5
1062,1,GPA:>3,0
1062,2,GPA:>3,0
1062,3,GPA:>3,0
1062,4,GPA:2 to 3,0
1062,5,GPA:2 to 3,0
1062,6,GPA:2 to 3,0
1062,7,GPA:2 to 3,0
1062,8,GPA:2 to 3,0
1062,9,GPA:2 to 3,0
1062,10,GPA:2 to 3,0
1062,11,Not Enroll,0
1062,12,Dropouts,1
1063,1,GPA:>3,0
1063,2,GPA:>3,0
1063,3,GPA:>3,0
1063,4,GPA:2 to 3,0
1063,5,GPA:2 to 3,0
1063,6,GPA:2 to 3,0
1063,7,GPA:2 to 3,0
1063,8,GPA:2 to 3,0
1063,9,GPA:2 to 3,0
1063,10,Grad,11
1064,1,GPA:>3,0
1064,2,GPA:>3,0
1064,3,GPA:>3,0
1064,4,GPA:2 to 3,0
1064,5,GPA:2 to 3,0
1064,6,GPA:2 to 3,0
1064,7,GPA:2 to 3,0
1064,8,GPA:2 to 3,0
1064,9,GPA:>3,0
1064,10,Grad,2
1065,1,GPA:>3,0
1065,2,GPA:>3,0
1065,3,GPA:>3,0
1065,4,GPA:2 to 3,0
1065,5,GPA:2 to 3,0
1065,6,GPA:2 to 3,0
1065,7,GPA:2 to 3,0
1065,8,GPA:2 to 3,0
1065,9,Grad,8
1066,1,GPA:>3,0
1066,2,GPA:>3,0
1066,3,GPA:>3,0
1066,4,GPA:2 to 3,0
1066,5,GPA:2 to 3,0
1066,6,GPA:2 to 3,0
1066,7,GPA:2 to 3,0
1066,8,GPA:2 to 3,0
1066,9,Not Enroll,0
1066,10,GPA:2 to 3,0
1066,11,GPA:2 to 3,0
1066,12,Dropouts,1
1067,1,GPA:>3,0
1067,2,GPA:>3,0
1067,3,GPA:>3,0
1067,4,GPA:2 to 3,0
1067,5,GPA:2 to 3,0
1067,6,GPA:2 to 3,0
1067,7,GPA:2 to 3,0
1067,8,GPA:2 to 3,0
1067,9,Not Enroll,0
1067,10,Grad,1
1068,1,GPA:>3,0
1068,2,GPA:>3,0
1068,3,GPA:>3,0
1068,4,GPA:2 to 3,0
1068,5,GPA:2 to 3,0
1068,6,GPA:2 to 3,0
1068,7,GPA:2 to 3,0
1068,8,GPA:>3,0
1068,9,GPA:>3,0
1068,10,GPA:>3,0
1068,11,GPA:>3,0
1068,12,Grad,1
1069,1,GPA:>3,0
1069,2,GPA:>3,0
1069,3,GPA:>3,0
1069,4,GPA:2 to 3,0
1069,5,GPA:2 to 3,0
1069,6,GPA:2 to 3,0
1069,7,GPA:2 to 3,0
1069,8,GPA:>3,0
1069,9,Grad,4
1070,1,GPA:>3,0
1070,2,GPA:>3,0
1070,3,GPA:>3,0
1070,4,GPA:2 to 3,0
1070,5,GPA:2 to 3,0
1070,6,GPA:2 to 3,0
1070,7,GPA:2 to 3,0
1070,8,Dropouts,3
1071,1,GPA:>3,0
1071,2,GPA:>3,0
1071,3,GPA:>3,0
1071,4,GPA:2 to 3,0
1071,5,GPA:2 to 3,0
1071,6,GPA:2 to 3,0
1071,7,GPA:2 to 3,0
1071,8,Grad,11
1072,1,GPA:>3,0
1072,2,GPA:>3,0
1072,3,GPA:>3,0
1072,4,GPA:2 to 3,0
1072,5,GPA:2 to 3,0
1072,6,GPA:2 to 3,0
1072,7,GPA:2 to 3,0
1072,8,Not Enroll,0
1072,9,GPA:2 to 3,0
1072,10,Dropouts,1
1073,1,GPA:>3,0
1073,2,GPA:>3,0
1073,3,GPA:>3,0
1073,4,GPA:2 to 3,0
1073,5,GPA:2 to 3,0
1073,6,GPA:2 to 3,0
1073,7,GPA:2 to 3,0
1073,8,Not Enroll,0
1073,9,Not Enroll,0
1073,10,Dropouts,1
1074,1,GPA:>3,0
1074,2,GPA:>3,0
1074,3,GPA:>3,0
1074,4,GPA:2 to 3,0
1074,5,GPA:2 to 3,0
1074,6,GPA:2 to 3,0
1074,7,GPA:>3,0
1074,8,GPA:2 to 3,0
1074,9,GPA:>3,0
1074,10,GPA:>3,0
1074,11,Grad,1
1075,1,GPA:>3,0
1075,2,GPA:>3,0
1075,3,GPA:>3,0
1075,4,GPA:2 to 3,0
1075,5,GPA:2 to 3,0
1075,6,GPA:2 to 3,0
1075,7,GPA:>3,0
1075,8,GPA:>3,0
1075,9,Grad,4
1076,1,GPA:>3,0
1076,2,GPA:>3,0
1076,3,GPA:>3,0
1076,4,GPA:2 to 3,0
1076,5,GPA:2 to 3,0
1076,6,GPA:2 to 3,0
1076,7,GPA:>3,0
1076,8,Grad,5
1077,1,GPA:>3,0
1077,2,GPA:>3,0
1077,3,GPA:>3,0
1077,4,GPA:2 to 3,0
1077,5,GPA:2 to 3,0
1077,6,GPA:2 to 3,0
1077,7,Dropouts,1
1078,1,GPA:>3,0
1078,2,GPA:>3,0
1078,3,GPA:>3,0
1078,4,GPA:2 to 3,0
1078,5,GPA:2 to 3,0
1078,6,GPA:2 to 3,0
1078,7,Grad,4
1079,1,GPA:>3,0
1079,2,GPA:>3,0
1079,3,GPA:>3,0
1079,4,GPA:2 to 3,0
1079,5,GPA:2 to 3,0
1079,6,GPA:<2,0
1079,7,GPA:2 to 3,0
1079,8,GPA:2 to 3,0
1079,9,GPA:2 to 3,0
1079,10,GPA:2 to 3,0
1079,11,Not Enroll,0
1079,12,Still Enro,1
1080,1,GPA:>3,0
1080,2,GPA:>3,0
1080,3,GPA:>3,0
1080,4,GPA:2 to 3,0
1080,5,GPA:2 to 3,0
1080,6,GPA:>3,0
1080,7,GPA:2 to 3,0
1080,8,GPA:2 to 3,0
1080,9,GPA:2 to 3,0
1080,10,GPA:2 to 3,0
1080,11,Grad,1
1081,1,GPA:>3,0
1081,2,GPA:>3,0
1081,3,GPA:>3,0
1081,4,GPA:2 to 3,0
1081,5,GPA:2 to 3,0
1081,6,GPA:>3,0
1081,7,GPA:2 to 3,0
1081,8,GPA:2 to 3,0
1081,9,Grad,1
1082,1,GPA:>3,0
1082,2,GPA:>3,0
1082,3,GPA:>3,0
1082,4,GPA:2 to 3,0
1082,5,GPA:2 to 3,0
1082,6,GPA:>3,0
1082,7,GPA:2 to 3,0
1082,8,GPA:>3,0
1082,9,GPA:>3,0
1082,10,GPA:>3,0
1082,11,Grad,1
1083,1,GPA:>3,0
1083,2,GPA:>3,0
1083,3,GPA:>3,0
1083,4,GPA:2 to 3,0
1083,5,GPA:2 to 3,0
1083,6,GPA:>3,0
1083,7,GPA:>3,0
1083,8,Grad,5
1084,1,GPA:>3,0
1084,2,GPA:>3,0
1084,3,GPA:>3,0
1084,4,GPA:2 to 3,0
1084,5,GPA:2 to 3,0
1084,6,Dropouts,3
1085,1,GPA:>3,0
1085,2,GPA:>3,0
1085,3,GPA:>3,0
1085,4,GPA:2 to 3,0
1085,5,GPA:2 to 3,0
1085,6,Grad,1
1086,1,GPA:>3,0
1086,2,GPA:>3,0
1086,3,GPA:>3,0
1086,4,GPA:2 to 3,0
1086,5,GPA:2 to 3,0
1086,6,Not Enroll,0
1086,7,GPA:2 to 3,0
1086,8,GPA:2 to 3,0
1086,9,GPA:2 to 3,0
1086,10,GPA:2 to 3,0
1086,11,GPA:2 to 3,0
1086,12,Still Enro,1
1087,1,GPA:>3,0
1087,2,GPA:>3,0
1087,3,GPA:>3,0
1087,4,GPA:2 to 3,0
1087,5,GPA:2 to 3,0
1087,6,Not Enroll,0
1087,7,GPA:2 to 3,0
1087,8,GPA:2 to 3,0
1087,9,GPA:2 to 3,0
1087,10,GPA:2 to 3,0
1087,11,Dropouts,1
1088,1,GPA:>3,0
1088,2,GPA:>3,0
1088,3,GPA:>3,0
1088,4,GPA:2 to 3,0
1088,5,GPA:2 to 3,0
1088,6,Not Enroll,0
1088,7,GPA:2 to 3,0
1088,8,GPA:2 to 3,0
1088,9,Dropouts,1
1089,1,GPA:>3,0
1089,2,GPA:>3,0
1089,3,GPA:>3,0
1089,4,GPA:2 to 3,0
1089,5,GPA:>3,0
1089,6,GPA:2 to 3,0
1089,7,GPA:2 to 3,0
1089,8,GPA:2 to 3,0
1089,9,GPA:2 to 3,0
1089,10,GPA:2 to 3,0
1089,11,GPA:2 to 3,0
1089,12,Still Enro,1
1090,1,GPA:>3,0
1090,2,GPA:>3,0
1090,3,GPA:>3,0
1090,4,GPA:2 to 3,0
1090,5,GPA:>3,0
1090,6,GPA:2 to 3,0
1090,7,GPA:2 to 3,0
1090,8,GPA:2 to 3,0
1090,9,GPA:2 to 3,0
1090,10,Grad,1
1091,1,GPA:>3,0
1091,2,GPA:>3,0
1091,3,GPA:>3,0
1091,4,GPA:2 to 3,0
1091,5,GPA:>3,0
1091,6,GPA:2 to 3,0
1091,7,GPA:2 to 3,0
1091,8,GPA:2 to 3,0
1091,9,Grad,1
1092,1,GPA:>3,0
1092,2,GPA:>3,0
1092,3,GPA:>3,0
1092,4,GPA:2 to 3,0
1092,5,GPA:>3,0
1092,6,GPA:2 to 3,0
1092,7,GPA:2 to 3,0
1092,8,Grad,1
1093,1,GPA:>3,0
1093,2,GPA:>3,0
1093,3,GPA:>3,0
1093,4,GPA:2 to 3,0
1093,5,GPA:>3,0
1093,6,GPA:2 to 3,0
1093,7,GPA:>3,0
1093,8,GPA:>3,0
1093,9,GPA:>3,0
1093,10,Grad,1
1094,1,GPA:>3,0
1094,2,GPA:>3,0
1094,3,GPA:>3,0
1094,4,GPA:2 to 3,0
1094,5,GPA:>3,0
1094,6,GPA:2 to 3,0
1094,7,GPA:>3,0
1094,8,GPA:>3,0
1094,9,Grad,1
1095,1,GPA:>3,0
1095,2,GPA:>3,0
1095,3,GPA:>3,0
1095,4,GPA:2 to 3,0
1095,5,GPA:>3,0
1095,6,GPA:2 to 3,0
1095,7,GPA:>3,0
1095,8,Grad,1
1096,1,GPA:>3,0
1096,2,GPA:>3,0
1096,3,GPA:>3,0
1096,4,GPA:2 to 3,0
1096,5,GPA:>3,0
1096,6,GPA:2 to 3,0
1096,7,Grad,1
1097,1,GPA:>3,0
1097,2,GPA:>3,0
1097,3,GPA:>3,0
1097,4,GPA:2 to 3,0
1097,5,GPA:>3,0
1097,6,GPA:>3,0
1097,7,GPA:2 to 3,0
1097,8,GPA:2 to 3,0
1097,9,GPA:2 to 3,0
1097,10,GPA:2 to 3,0
1097,11,Grad,1
1098,1,GPA:>3,0
1098,2,GPA:>3,0
1098,3,GPA:>3,0
1098,4,GPA:2 to 3,0
1098,5,GPA:>3,0
1098,6,GPA:>3,0
1098,7,GPA:2 to 3,0
1098,8,GPA:2 to 3,0
1098,9,GPA:2 to 3,0
1098,10,Grad,1
1099,1,GPA:>3,0
1099,2,GPA:>3,0
1099,3,GPA:>3,0
1099,4,GPA:2 to 3,0
1099,5,GPA:>3,0
1099,6,GPA:>3,0
1099,7,GPA:2 to 3,0
1099,8,Dropouts,1
1100,1,GPA:>3,0
1100,2,GPA:>3,0
1100,3,GPA:>3,0
1100,4,GPA:2 to 3,0
1100,5,GPA:>3,0
1100,6,GPA:>3,0
1100,7,GPA:>3,0
1100,8,GPA:2 to 3,0
1100,9,GPA:>3,0
1100,10,Grad,1
1101,1,GPA:>3,0
1101,2,GPA:>3,0
1101,3,GPA:>3,0
1101,4,GPA:2 to 3,0
1101,5,GPA:>3,0
1101,6,GPA:>3,0
1101,7,GPA:>3,0
1101,8,GPA:2 to 3,0
1101,9,Not Enroll,0
1101,10,Not Enroll,0
1101,11,Not Enroll,0
1101,12,Still Enro,1
1102,1,GPA:>3,0
1102,2,GPA:>3,0
1102,3,GPA:>3,0
1102,4,GPA:2 to 3,0
1102,5,GPA:>3,0
1102,6,GPA:>3,0
1102,7,GPA:>3,0
1102,8,GPA:>3,0
1102,9,GPA:>3,0
1102,10,GPA:>3,0
1102,11,GPA:2 to 3,0
1102,12,Still Enro,1
1103,1,GPA:>3,0
1103,2,GPA:>3,0
1103,3,GPA:>3,0
1103,4,GPA:2 to 3,0
1103,5,GPA:>3,0
1103,6,GPA:>3,0
1103,7,GPA:>3,0
1103,8,GPA:>3,0
1103,9,GPA:>3,0
1103,10,GPA:>3,0
1103,11,GPA:>3,0
1103,12,Still Enro,1
1104,1,GPA:>3,0
1104,2,GPA:>3,0
1104,3,GPA:>3,0
1104,4,GPA:2 to 3,0
1104,5,GPA:>3,0
1104,6,GPA:>3,0
1104,7,GPA:>3,0
1104,8,GPA:>3,0
1104,9,GPA:>3,0
1104,10,GPA:>3,0
1104,11,Grad,1
1105,1,GPA:>3,0
1105,2,GPA:>3,0
1105,3,GPA:>3,0
1105,4,GPA:2 to 3,0
1105,5,GPA:>3,0
1105,6,GPA:>3,0
1105,7,GPA:>3,0
1105,8,GPA:>3,0
1105,9,Grad,3
1106,1,GPA:>3,0
1106,2,GPA:>3,0
1106,3,GPA:>3,0
1106,4,GPA:2 to 3,0
1106,5,GPA:>3,0
1106,6,GPA:>3,0
1106,7,GPA:>3,0
1106,8,Grad,10
1107,1,GPA:>3,0
1107,2,GPA:>3,0
1107,3,GPA:>3,0
1107,4,GPA:2 to 3,0
1107,5,GPA:>3,0
1107,6,GPA:>3,0
1107,7,Grad,2
1108,1,GPA:>3,0
1108,2,GPA:>3,0
1108,3,GPA:>3,0
1108,4,GPA:2 to 3,0
1108,5,GPA:>3,0
1108,6,Grad,1
1109,1,GPA:>3,0
1109,2,GPA:>3,0
1109,3,GPA:>3,0
1109,4,GPA:2 to 3,0
1109,5,GPA:>3,0
1109,6,Not Enroll,0
1109,7,GPA:>3,0
1109,8,GPA:>3,0
1109,9,Grad,1
1110,1,GPA:>3,0
1110,2,GPA:>3,0
1110,3,GPA:>3,0
1110,4,GPA:2 to 3,0
1110,5,Not Enroll,0
1110,6,Not Enroll,0
1110,7,GPA:2 to 3,0
1110,8,GPA:2 to 3,0
1110,9,GPA:2 to 3,0
1110,10,Grad,1
1111,1,GPA:>3,0
1111,2,GPA:>3,0
1111,3,GPA:>3,0
1111,4,GPA:2 to 3,0
1111,5,Not Enroll,0
1111,6,Not Enroll,0
1111,7,Not Enroll,0
1111,8,Not Enroll,0
1111,9,Not Enroll,0
1111,10,Not Enroll,0
1111,11,GPA:>3,0
1111,12,Still Enro,1
1112,1,GPA:>3,0
1112,2,GPA:>3,0
1112,3,GPA:>3,0
1112,4,GPA:>3,0
1112,5,GPA:2 to 3,0
1112,6,GPA:2 to 3,0
1112,7,GPA:2 to 3,0
1112,8,GPA:2 to 3,0
1112,9,GPA:2 to 3,0
1112,10,GPA:2 to 3,0
1112,11,GPA:2 to 3,0
1112,12,Grad,1
1113,1,GPA:>3,0
1113,2,GPA:>3,0
1113,3,GPA:>3,0
1113,4,GPA:>3,0
1113,5,GPA:2 to 3,0
1113,6,GPA:2 to 3,0
1113,7,GPA:2 to 3,0
1113,8,GPA:2 to 3,0
1113,9,GPA:2 to 3,0
1113,10,GPA:2 to 3,0
1113,11,GPA:2 to 3,0
1113,12,Still Enro,1
1114,1,GPA:>3,0
1114,2,GPA:>3,0
1114,3,GPA:>3,0
1114,4,GPA:>3,0
1114,5,GPA:2 to 3,0
1114,6,GPA:2 to 3,0
1114,7,GPA:2 to 3,0
1114,8,GPA:2 to 3,0
1114,9,GPA:2 to 3,0
1114,10,GPA:2 to 3,0
1114,11,Dropouts,2
1115,1,GPA:>3,0
1115,2,GPA:>3,0
1115,3,GPA:>3,0
1115,4,GPA:>3,0
1115,5,GPA:2 to 3,0
1115,6,GPA:2 to 3,0
1115,7,GPA:2 to 3,0
1115,8,GPA:2 to 3,0
1115,9,GPA:2 to 3,0
1115,10,GPA:2 to 3,0
1115,11,Grad,4
1116,1,GPA:>3,0
1116,2,GPA:>3,0
1116,3,GPA:>3,0
1116,4,GPA:>3,0
1116,5,GPA:2 to 3,0
1116,6,GPA:2 to 3,0
1116,7,GPA:2 to 3,0
1116,8,GPA:2 to 3,0
1116,9,GPA:2 to 3,0
1116,10,GPA:2 to 3,0
1116,11,Not Enroll,0
1116,12,Grad,1
1117,1,GPA:>3,0
1117,2,GPA:>3,0
1117,3,GPA:>3,0
1117,4,GPA:>3,0
1117,5,GPA:2 to 3,0
1117,6,GPA:2 to 3,0
1117,7,GPA:2 to 3,0
1117,8,GPA:2 to 3,0
1117,9,GPA:2 to 3,0
1117,10,GPA:2 to 3,0
1117,11,Not Enroll,0
1117,12,Still Enro,1
1118,1,GPA:>3,0
1118,2,GPA:>3,0
1118,3,GPA:>3,0
1118,4,GPA:>3,0
1118,5,GPA:2 to 3,0
1118,6,GPA:2 to 3,0
1118,7,GPA:2 to 3,0
1118,8,GPA:2 to 3,0
1118,9,GPA:2 to 3,0
1118,10,GPA:>3,0
1118,11,Grad,1
1119,1,GPA:>3,0
1119,2,GPA:>3,0
1119,3,GPA:>3,0
1119,4,GPA:>3,0
1119,5,GPA:2 to 3,0
1119,6,GPA:2 to 3,0
1119,7,GPA:2 to 3,0
1119,8,GPA:2 to 3,0
1119,9,GPA:2 to 3,0
1119,10,Grad,7
1120,1,GPA:>3,0
1120,2,GPA:>3,0
1120,3,GPA:>3,0
1120,4,GPA:>3,0
1120,5,GPA:2 to 3,0
1120,6,GPA:2 to 3,0
1120,7,GPA:2 to 3,0
1120,8,GPA:2 to 3,0
1120,9,GPA:2 to 3,0
1120,10,Not Enroll,0
1120,11,Grad,2
1121,1,GPA:>3,0
1121,2,GPA:>3,0
1121,3,GPA:>3,0
1121,4,GPA:>3,0
1121,5,GPA:2 to 3,0
1121,6,GPA:2 to 3,0
1121,7,GPA:2 to 3,0
1121,8,GPA:2 to 3,0
1121,9,GPA:>3,0
1121,10,GPA:>3,0
1121,11,GPA:>3,0
1121,12,Still Enro,1
1122,1,GPA:>3,0
1122,2,GPA:>3,0
1122,3,GPA:>3,0
1122,4,GPA:>3,0
1122,5,GPA:2 to 3,0
1122,6,GPA:2 to 3,0
1122,7,GPA:2 to 3,0
1122,8,GPA:2 to 3,0
1122,9,GPA:>3,0
1122,10,GPA:>3,0
1122,11,Not Enroll,0
1122,12,Still Enro,1
1123,1,GPA:>3,0
1123,2,GPA:>3,0
1123,3,GPA:>3,0
1123,4,GPA:>3,0
1123,5,GPA:2 to 3,0
1123,6,GPA:2 to 3,0
1123,7,GPA:2 to 3,0
1123,8,GPA:2 to 3,0
1123,9,Dropouts,1
1124,1,GPA:>3,0
1124,2,GPA:>3,0
1124,3,GPA:>3,0
1124,4,GPA:>3,0
1124,5,GPA:2 to 3,0
1124,6,GPA:2 to 3,0
1124,7,GPA:2 to 3,0
1124,8,GPA:2 to 3,0
1124,9,Grad,15
1125,1,GPA:>3,0
1125,2,GPA:>3,0
1125,3,GPA:>3,0
1125,4,GPA:>3,0
1125,5,GPA:2 to 3,0
1125,6,GPA:2 to 3,0
1125,7,GPA:2 to 3,0
1125,8,GPA:>3,0
1125,9,GPA:>3,0
1125,10,Grad,1
1126,1,GPA:>3,0
1126,2,GPA:>3,0
1126,3,GPA:>3,0
1126,4,GPA:>3,0
1126,5,GPA:2 to 3,0
1126,6,GPA:2 to 3,0
1126,7,GPA:2 to 3,0
1126,8,Grad,5
1127,1,GPA:>3,0
1127,2,GPA:>3,0
1127,3,GPA:>3,0
1127,4,GPA:>3,0
1127,5,GPA:2 to 3,0
1127,6,GPA:2 to 3,0
1127,7,GPA:>3,0
1127,8,GPA:>3,0
1127,9,GPA:2 to 3,0
1127,10,GPA:2 to 3,0
1127,11,GPA:2 to 3,0
1127,12,Grad,1
1128,1,GPA:>3,0
1128,2,GPA:>3,0
1128,3,GPA:>3,0
1128,4,GPA:>3,0
1128,5,GPA:2 to 3,0
1128,6,GPA:2 to 3,0
1128,7,GPA:>3,0
1128,8,GPA:>3,0
1128,9,GPA:>3,0
1128,10,Grad,3
1129,1,GPA:>3,0
1129,2,GPA:>3,0
1129,3,GPA:>3,0
1129,4,GPA:>3,0
1129,5,GPA:2 to 3,0
1129,6,GPA:2 to 3,0
1129,7,GPA:>3,0
1129,8,GPA:>3,0
1129,9,Grad,2
1130,1,GPA:>3,0
1130,2,GPA:>3,0
1130,3,GPA:>3,0
1130,4,GPA:>3,0
1130,5,GPA:2 to 3,0
1130,6,GPA:2 to 3,0
1130,7,GPA:>3,0
1130,8,Dropouts,1
1131,1,GPA:>3,0
1131,2,GPA:>3,0
1131,3,GPA:>3,0
1131,4,GPA:>3,0
1131,5,GPA:2 to 3,0
1131,6,GPA:2 to 3,0
1131,7,GPA:>3,0
1131,8,Grad,5
1132,1,GPA:>3,0
1132,2,GPA:>3,0
1132,3,GPA:>3,0
1132,4,GPA:>3,0
1132,5,GPA:2 to 3,0
1132,6,GPA:2 to 3,0
1132,7,Dropouts,2
1133,1,GPA:>3,0
1133,2,GPA:>3,0
1133,3,GPA:>3,0
1133,4,GPA:>3,0
1133,5,GPA:2 to 3,0
1133,6,GPA:2 to 3,0
1133,7,Grad,3
1134,1,GPA:>3,0
1134,2,GPA:>3,0
1134,3,GPA:>3,0
1134,4,GPA:>3,0
1134,5,GPA:2 to 3,0
1134,6,GPA:2 to 3,0
1134,7,Not Enroll,0
1134,8,GPA:2 to 3,0
1134,9,GPA:2 to 3,0
1134,10,GPA:>3,0
1134,11,Grad,1
1135,1,GPA:>3,0
1135,2,GPA:>3,0
1135,3,GPA:>3,0
1135,4,GPA:>3,0
1135,5,GPA:2 to 3,0
1135,6,GPA:2 to 3,0
1135,7,Not Enroll,0
1135,8,Dropouts,1
1136,1,GPA:>3,0
1136,2,GPA:>3,0
1136,3,GPA:>3,0
1136,4,GPA:>3,0
1136,5,GPA:2 to 3,0
1136,6,GPA:>3,0
1136,7,GPA:2 to 3,0
1136,8,GPA:2 to 3,0
1136,9,Grad,1
1137,1,GPA:>3,0
1137,2,GPA:>3,0
1137,3,GPA:>3,0
1137,4,GPA:>3,0
1137,5,GPA:2 to 3,0
1137,6,GPA:>3,0
1137,7,GPA:2 to 3,0
1137,8,Grad,1
1138,1,GPA:>3,0
1138,2,GPA:>3,0
1138,3,GPA:>3,0
1138,4,GPA:>3,0
1138,5,GPA:2 to 3,0
1138,6,GPA:>3,0
1138,7,GPA:>3,0
1138,8,GPA:2 to 3,0
1138,9,GPA:2 to 3,0
1138,10,GPA:2 to 3,0
1138,11,Grad,1
1139,1,GPA:>3,0
1139,2,GPA:>3,0
1139,3,GPA:>3,0
1139,4,GPA:>3,0
1139,5,GPA:2 to 3,0
1139,6,GPA:>3,0
1139,7,GPA:>3,0
1139,8,GPA:>3,0
1139,9,GPA:>3,0
1139,10,Not Enroll,0
1139,11,Grad,1
1140,1,GPA:>3,0
1140,2,GPA:>3,0
1140,3,GPA:>3,0
1140,4,GPA:>3,0
1140,5,GPA:2 to 3,0
1140,6,GPA:>3,0
1140,7,GPA:>3,0
1140,8,GPA:>3,0
1140,9,Grad,3
1141,1,GPA:>3,0
1141,2,GPA:>3,0
1141,3,GPA:>3,0
1141,4,GPA:>3,0
1141,5,GPA:2 to 3,0
1141,6,GPA:>3,0
1141,7,GPA:>3,0
1141,8,Grad,3
1142,1,GPA:>3,0
1142,2,GPA:>3,0
1142,3,GPA:>3,0
1142,4,GPA:>3,0
1142,5,GPA:2 to 3,0
1142,6,GPA:>3,0
1142,7,Grad,1
1143,1,GPA:>3,0
1143,2,GPA:>3,0
1143,3,GPA:>3,0
1143,4,GPA:>3,0
1143,5,GPA:2 to 3,0
1143,6,GPA:>3,0
1143,7,Not Enroll,0
1143,8,GPA:>3,0
1143,9,GPA:>3,0
1143,10,GPA:>3,0
1143,11,Grad,1
1144,1,GPA:>3,0
1144,2,GPA:>3,0
1144,3,GPA:>3,0
1144,4,GPA:>3,0
1144,5,GPA:2 to 3,0
1144,6,Dropouts,1
1145,1,GPA:>3,0
1145,2,GPA:>3,0
1145,3,GPA:>3,0
1145,4,GPA:>3,0
1145,5,GPA:>3,0
1145,6,GPA:2 to 3,0
1145,7,GPA:2 to 3,0
1145,8,GPA:2 to 3,0
1145,9,GPA:2 to 3,0
1145,10,GPA:2 to 3,0
1145,11,GPA:2 to 3,0
1145,12,Grad,1
1146,1,GPA:>3,0
1146,2,GPA:>3,0
1146,3,GPA:>3,0
1146,4,GPA:>3,0
1146,5,GPA:>3,0
1146,6,GPA:2 to 3,0
1146,7,GPA:2 to 3,0
1146,8,GPA:2 to 3,0
1146,9,GPA:2 to 3,0
1146,10,GPA:2 to 3,0
1146,11,GPA:2 to 3,0
1146,12,Still Enro,1
1147,1,GPA:>3,0
1147,2,GPA:>3,0
1147,3,GPA:>3,0
1147,4,GPA:>3,0
1147,5,GPA:>3,0
1147,6,GPA:2 to 3,0
1147,7,GPA:2 to 3,0
1147,8,GPA:2 to 3,0
1147,9,GPA:2 to 3,0
1147,10,GPA:2 to 3,0
1147,11,Grad,1
1148,1,GPA:>3,0
1148,2,GPA:>3,0
1148,3,GPA:>3,0
1148,4,GPA:>3,0
1148,5,GPA:>3,0
1148,6,GPA:2 to 3,0
1148,7,GPA:2 to 3,0
1148,8,GPA:2 to 3,0
1148,9,GPA:2 to 3,0
1148,10,Dropouts,1
1149,1,GPA:>3,0
1149,2,GPA:>3,0
1149,3,GPA:>3,0
1149,4,GPA:>3,0
1149,5,GPA:>3,0
1149,6,GPA:2 to 3,0
1149,7,GPA:2 to 3,0
1149,8,GPA:2 to 3,0
1149,9,GPA:2 to 3,0
1149,10,Grad,8
1150,1,GPA:>3,0
1150,2,GPA:>3,0
1150,3,GPA:>3,0
1150,4,GPA:>3,0
1150,5,GPA:>3,0
1150,6,GPA:2 to 3,0
1150,7,GPA:2 to 3,0
1150,8,GPA:2 to 3,0
1150,9,GPA:>3,0
1150,10,Grad,1
1151,1,GPA:>3,0
1151,2,GPA:>3,0
1151,3,GPA:>3,0
1151,4,GPA:>3,0
1151,5,GPA:>3,0
1151,6,GPA:2 to 3,0
1151,7,GPA:2 to 3,0
1151,8,GPA:2 to 3,0
1151,9,Grad,9
1152,1,GPA:>3,0
1152,2,GPA:>3,0
1152,3,GPA:>3,0
1152,4,GPA:>3,0
1152,5,GPA:>3,0
1152,6,GPA:2 to 3,0
1152,7,GPA:2 to 3,0
1152,8,GPA:2 to 3,0
1152,9,Not Enroll,0
1152,10,Not Enroll,0
1152,11,Not Enroll,0
1152,12,Still Enro,1
1153,1,GPA:>3,0
1153,2,GPA:>3,0
1153,3,GPA:>3,0
1153,4,GPA:>3,0
1153,5,GPA:>3,0
1153,6,GPA:2 to 3,0
1153,7,GPA:2 to 3,0
1153,8,GPA:>3,0
1153,9,GPA:>3,0
1153,10,GPA:>3,0
1153,11,Grad,1
1154,1,GPA:>3,0
1154,2,GPA:>3,0
1154,3,GPA:>3,0
1154,4,GPA:>3,0
1154,5,GPA:>3,0
1154,6,GPA:2 to 3,0
1154,7,GPA:2 to 3,0
1154,8,GPA:>3,0
1154,9,GPA:>3,0
1154,10,Grad,1
1155,1,GPA:>3,0
1155,2,GPA:>3,0
1155,3,GPA:>3,0
1155,4,GPA:>3,0
1155,5,GPA:>3,0
1155,6,GPA:2 to 3,0
1155,7,GPA:2 to 3,0
1155,8,Grad,4
1156,1,GPA:>3,0
1156,2,GPA:>3,0
1156,3,GPA:>3,0
1156,4,GPA:>3,0
1156,5,GPA:>3,0
1156,6,GPA:2 to 3,0
1156,7,GPA:2 to 3,0
1156,8,Not Enroll,0
1156,9,Grad,1
1157,1,GPA:>3,0
1157,2,GPA:>3,0
1157,3,GPA:>3,0
1157,4,GPA:>3,0
1157,5,GPA:>3,0
1157,6,GPA:2 to 3,0
1157,7,GPA:>3,0
1157,8,GPA:2 to 3,0
1157,9,GPA:2 to 3,0
1157,10,Grad,2
1158,1,GPA:>3,0
1158,2,GPA:>3,0
1158,3,GPA:>3,0
1158,4,GPA:>3,0
1158,5,GPA:>3,0
1158,6,GPA:2 to 3,0
1158,7,GPA:>3,0
1158,8,GPA:>3,0
1158,9,GPA:>3,0
1158,10,GPA:>3,0
1158,11,Grad,1
1159,1,GPA:>3,0
1159,2,GPA:>3,0
1159,3,GPA:>3,0
1159,4,GPA:>3,0
1159,5,GPA:>3,0
1159,6,GPA:2 to 3,0
1159,7,GPA:>3,0
1159,8,GPA:>3,0
1159,9,GPA:>3,0
1159,10,GPA:>3,0
1159,11,Not Enroll,0
1159,12,Still Enro,1
1160,1,GPA:>3,0
1160,2,GPA:>3,0
1160,3,GPA:>3,0
1160,4,GPA:>3,0
1160,5,GPA:>3,0
1160,6,GPA:2 to 3,0
1160,7,GPA:>3,0
1160,8,GPA:>3,0
1160,9,GPA:>3,0
1160,10,Grad,2
1161,1,GPA:>3,0
1161,2,GPA:>3,0
1161,3,GPA:>3,0
1161,4,GPA:>3,0
1161,5,GPA:>3,0
1161,6,GPA:2 to 3,0
1161,7,GPA:>3,0
1161,8,GPA:>3,0
1161,9,Grad,6
1162,1,GPA:>3,0
1162,2,GPA:>3,0
1162,3,GPA:>3,0
1162,4,GPA:>3,0
1162,5,GPA:>3,0
1162,6,GPA:2 to 3,0
1162,7,GPA:>3,0
1162,8,Grad,7
1163,1,GPA:>3,0
1163,2,GPA:>3,0
1163,3,GPA:>3,0
1163,4,GPA:>3,0
1163,5,GPA:>3,0
1163,6,GPA:2 to 3,0
1163,7,Dropouts,1
1164,1,GPA:>3,0
1164,2,GPA:>3,0
1164,3,GPA:>3,0
1164,4,GPA:>3,0
1164,5,GPA:>3,0
1164,6,GPA:2 to 3,0
1164,7,Not Enroll,0
1164,8,GPA:>3,0
1164,9,GPA:>3,0
1164,10,Grad,1
1165,1,GPA:>3,0
1165,2,GPA:>3,0
1165,3,GPA:>3,0
1165,4,GPA:>3,0
1165,5,GPA:>3,0
1165,6,GPA:>3,0
1165,7,GPA:2 to 3,0
1165,8,GPA:2 to 3,0
1165,9,GPA:2 to 3,0
1165,10,GPA:2 to 3,0
1165,11,GPA:2 to 3,0
1165,12,Grad,1
1166,1,GPA:>3,0
1166,2,GPA:>3,0
1166,3,GPA:>3,0
1166,4,GPA:>3,0
1166,5,GPA:>3,0
1166,6,GPA:>3,0
1166,7,GPA:2 to 3,0
1166,8,GPA:2 to 3,0
1166,9,GPA:2 to 3,0
1166,10,GPA:2 to 3,0
1166,11,Grad,4
1167,1,GPA:>3,0
1167,2,GPA:>3,0
1167,3,GPA:>3,0
1167,4,GPA:>3,0
1167,5,GPA:>3,0
1167,6,GPA:>3,0
1167,7,GPA:2 to 3,0
1167,8,GPA:2 to 3,0
1167,9,GPA:2 to 3,0
1167,10,GPA:2 to 3,0
1167,11,Not Enroll,0
1167,12,Grad,1
1168,1,GPA:>3,0
1168,2,GPA:>3,0
1168,3,GPA:>3,0
1168,4,GPA:>3,0
1168,5,GPA:>3,0
1168,6,GPA:>3,0
1168,7,GPA:2 to 3,0
1168,8,GPA:2 to 3,0
1168,9,GPA:2 to 3,0
1168,10,Grad,3
1169,1,GPA:>3,0
1169,2,GPA:>3,0
1169,3,GPA:>3,0
1169,4,GPA:>3,0
1169,5,GPA:>3,0
1169,6,GPA:>3,0
1169,7,GPA:2 to 3,0
1169,8,GPA:2 to 3,0
1169,9,GPA:2 to 3,0
1169,10,Not Enroll,0
1169,11,GPA:2 to 3,0
1169,12,Still Enro,1
1170,1,GPA:>3,0
1170,2,GPA:>3,0
1170,3,GPA:>3,0
1170,4,GPA:>3,0
1170,5,GPA:>3,0
1170,6,GPA:>3,0
1170,7,GPA:2 to 3,0
1170,8,GPA:2 to 3,0
1170,9,GPA:>3,0
1170,10,GPA:>3,0
1170,11,GPA:>3,0
1170,12,Grad,1
1171,1,GPA:>3,0
1171,2,GPA:>3,0
1171,3,GPA:>3,0
1171,4,GPA:>3,0
1171,5,GPA:>3,0
1171,6,GPA:>3,0
1171,7,GPA:2 to 3,0
1171,8,GPA:2 to 3,0
1171,9,GPA:>3,0
1171,10,Grad,1
1172,1,GPA:>3,0
1172,2,GPA:>3,0
1172,3,GPA:>3,0
1172,4,GPA:>3,0
1172,5,GPA:>3,0
1172,6,GPA:>3,0
1172,7,GPA:2 to 3,0
1172,8,GPA:2 to 3,0
1172,9,Grad,6
1173,1,GPA:>3,0
1173,2,GPA:>3,0
1173,3,GPA:>3,0
1173,4,GPA:>3,0
1173,5,GPA:>3,0
1173,6,GPA:>3,0
1173,7,GPA:2 to 3,0
1173,8,GPA:2 to 3,0
1173,9,Not Enroll,0
1173,10,Not Enroll,0
1173,11,Not Enroll,0
1173,12,Still Enro,1
1174,1,GPA:>3,0
1174,2,GPA:>3,0
1174,3,GPA:>3,0
1174,4,GPA:>3,0
1174,5,GPA:>3,0
1174,6,GPA:>3,0
1174,7,GPA:2 to 3,0
1174,8,GPA:>3,0
1174,9,GPA:>3,0
1174,10,Not Enroll,0
1174,11,Grad,1
1175,1,GPA:>3,0
1175,2,GPA:>3,0
1175,3,GPA:>3,0
1175,4,GPA:>3,0
1175,5,GPA:>3,0
1175,6,GPA:>3,0
1175,7,GPA:2 to 3,0
1175,8,GPA:>3,0
1175,9,Grad,3
1176,1,GPA:>3,0
1176,2,GPA:>3,0
1176,3,GPA:>3,0
1176,4,GPA:>3,0
1176,5,GPA:>3,0
1176,6,GPA:>3,0
1176,7,GPA:2 to 3,0
1176,8,Dropouts,1
1177,1,GPA:>3,0
1177,2,GPA:>3,0
1177,3,GPA:>3,0
1177,4,GPA:>3,0
1177,5,GPA:>3,0
1177,6,GPA:>3,0
1177,7,GPA:2 to 3,0
1177,8,Grad,5
1178,1,GPA:>3,0
1178,2,GPA:>3,0
1178,3,GPA:>3,0
1178,4,GPA:>3,0
1178,5,GPA:>3,0
1178,6,GPA:>3,0
1178,7,GPA:>3,0
1178,8,GPA:2 to 3,0
1178,9,GPA:2 to 3,0
1178,10,GPA:2 to 3,0
1178,11,GPA:2 to 3,0
1178,12,Still Enro,1
1179,1,GPA:>3,0
1179,2,GPA:>3,0
1179,3,GPA:>3,0
1179,4,GPA:>3,0
1179,5,GPA:>3,0
1179,6,GPA:>3,0
1179,7,GPA:>3,0
1179,8,GPA:2 to 3,0
1179,9,GPA:2 to 3,0
1179,10,Grad,1
1180,1,GPA:>3,0
1180,2,GPA:>3,0
1180,3,GPA:>3,0
1180,4,GPA:>3,0
1180,5,GPA:>3,0
1180,6,GPA:>3,0
1180,7,GPA:>3,0
1180,8,GPA:2 to 3,0
1180,9,Grad,3
1181,1,GPA:>3,0
1181,2,GPA:>3,0
1181,3,GPA:>3,0
1181,4,GPA:>3,0
1181,5,GPA:>3,0
1181,6,GPA:>3,0
1181,7,GPA:>3,0
1181,8,GPA:2 to 3,0
1181,9,Not Enroll,0
1181,10,GPA:2 to 3,0
1181,11,Grad,1
1182,1,GPA:>3,0
1182,2,GPA:>3,0
1182,3,GPA:>3,0
1182,4,GPA:>3,0
1182,5,GPA:>3,0
1182,6,GPA:>3,0
1182,7,GPA:>3,0
1182,8,GPA:2 to 3,0
1182,9,Not Enroll,0
1182,10,GPA:>3,0
1182,11,GPA:>3,0
1182,12,Still Enro,1
1183,1,GPA:>3,0
1183,2,GPA:>3,0
1183,3,GPA:>3,0
1183,4,GPA:>3,0
1183,5,GPA:>3,0
1183,6,GPA:>3,0
1183,7,GPA:>3,0
1183,8,GPA:2 to 3,0
1183,9,Not Enroll,0
1183,10,Not Enroll,0
1183,11,Not Enroll,0
1183,12,Still Enro,1
1184,1,GPA:>3,0
1184,2,GPA:>3,0
1184,3,GPA:>3,0
1184,4,GPA:>3,0
1184,5,GPA:>3,0
1184,6,GPA:>3,0
1184,7,GPA:>3,0
1184,8,GPA:>3,0
1184,9,GPA:2 to 3,0
1184,10,Grad,1
1185,1,GPA:>3,0
1185,2,GPA:>3,0
1185,3,GPA:>3,0
1185,4,GPA:>3,0
1185,5,GPA:>3,0
1185,6,GPA:>3,0
1185,7,GPA:>3,0
1185,8,GPA:>3,0
1185,9,GPA:>3,0
1185,10,GPA:2 to 3,0
1185,11,GPA:2 to 3,0
1185,12,Still Enro,1
1186,1,GPA:>3,0
1186,2,GPA:>3,0
1186,3,GPA:>3,0
1186,4,GPA:>3,0
1186,5,GPA:>3,0
1186,6,GPA:>3,0
1186,7,GPA:>3,0
1186,8,GPA:>3,0
1186,9,GPA:>3,0
1186,10,GPA:2 to 3,0
1186,11,Grad,2
1187,1,GPA:>3,0
1187,2,GPA:>3,0
1187,3,GPA:>3,0
1187,4,GPA:>3,0
1187,5,GPA:>3,0
1187,6,GPA:>3,0
1187,7,GPA:>3,0
1187,8,GPA:>3,0
1187,9,GPA:>3,0
1187,10,GPA:>3,0
1187,11,GPA:2 to 3,0
1187,12,Grad,1
1188,1,GPA:>3,0
1188,2,GPA:>3,0
1188,3,GPA:>3,0
1188,4,GPA:>3,0
1188,5,GPA:>3,0
1188,6,GPA:>3,0
1188,7,GPA:>3,0
1188,8,GPA:>3,0
1188,9,GPA:>3,0
1188,10,GPA:>3,0
1188,11,GPA:2 to 3,0
1188,12,Still Enro,2
1189,1,GPA:>3,0
1189,2,GPA:>3,0
1189,3,GPA:>3,0
1189,4,GPA:>3,0
1189,5,GPA:>3,0
1189,6,GPA:>3,0
1189,7,GPA:>3,0
1189,8,GPA:>3,0
1189,9,GPA:>3,0
1189,10,GPA:>3,0
1189,11,GPA:>3,0
1189,12,Grad,9
1190,1,GPA:>3,0
1190,2,GPA:>3,0
1190,3,GPA:>3,0
1190,4,GPA:>3,0
1190,5,GPA:>3,0
1190,6,GPA:>3,0
1190,7,GPA:>3,0
1190,8,GPA:>3,0
1190,9,GPA:>3,0
1190,10,GPA:>3,0
1190,11,GPA:>3,0
1190,12,Still Enro,5
1191,1,GPA:>3,0
1191,2,GPA:>3,0
1191,3,GPA:>3,0
1191,4,GPA:>3,0
1191,5,GPA:>3,0
1191,6,GPA:>3,0
1191,7,GPA:>3,0
1191,8,GPA:>3,0
1191,9,GPA:>3,0
1191,10,GPA:>3,0
1191,11,Grad,34
1192,1,GPA:>3,0
1192,2,GPA:>3,0
1192,3,GPA:>3,0
1192,4,GPA:>3,0
1192,5,GPA:>3,0
1192,6,GPA:>3,0
1192,7,GPA:>3,0
1192,8,GPA:>3,0
1192,9,GPA:>3,0
1192,10,GPA:>3,0
1192,11,Not Enroll,0
1192,12,Dropouts,1
1193,1,GPA:>3,0
1193,2,GPA:>3,0
1193,3,GPA:>3,0
1193,4,GPA:>3,0
1193,5,GPA:>3,0
1193,6,GPA:>3,0
1193,7,GPA:>3,0
1193,8,GPA:>3,0
1193,9,GPA:>3,0
1193,10,GPA:>3,0
1193,11,Not Enroll,0
1193,12,Grad,1
1194,1,GPA:>3,0
1194,2,GPA:>3,0
1194,3,GPA:>3,0
1194,4,GPA:>3,0
1194,5,GPA:>3,0
1194,6,GPA:>3,0
1194,7,GPA:>3,0
1194,8,GPA:>3,0
1194,9,GPA:>3,0
1194,10,Dropouts,1
1195,1,GPA:>3,0
1195,2,GPA:>3,0
1195,3,GPA:>3,0
1195,4,GPA:>3,0
1195,5,GPA:>3,0
1195,6,GPA:>3,0
1195,7,GPA:>3,0
1195,8,GPA:>3,0
1195,9,GPA:>3,0
1195,10,Grad,219
1196,1,GPA:>3,0
1196,2,GPA:>3,0
1196,3,GPA:>3,0
1196,4,GPA:>3,0
1196,5,GPA:>3,0
1196,6,GPA:>3,0
1196,7,GPA:>3,0
1196,8,GPA:>3,0
1196,9,GPA:>3,0
1196,10,Not Enroll,0
1196,11,GPA:>3,0
1196,12,Still Enro,1
1197,1,GPA:>3,0
1197,2,GPA:>3,0
1197,3,GPA:>3,0
1197,4,GPA:>3,0
1197,5,GPA:>3,0
1197,6,GPA:>3,0
1197,7,GPA:>3,0
1197,8,GPA:>3,0
1197,9,GPA:>3,0
1197,10,Not Enroll,0
1197,11,Grad,1
1198,1,GPA:>3,0
1198,2,GPA:>3,0
1198,3,GPA:>3,0
1198,4,GPA:>3,0
1198,5,GPA:>3,0
1198,6,GPA:>3,0
1198,7,GPA:>3,0
1198,8,GPA:>3,0
1198,9,GPA:>3,0
1198,10,Not Enroll,0
1198,11,Not Enroll,0
1198,12,Grad,1
1199,1,GPA:>3,0
1199,2,GPA:>3,0
1199,3,GPA:>3,0
1199,4,GPA:>3,0
1199,5,GPA:>3,0
1199,6,GPA:>3,0
1199,7,GPA:>3,0
1199,8,GPA:>3,0
1199,9,GPA:>3,0
1199,10,Not Enroll,0
1199,11,Not Enroll,0
1199,12,Still Enro,1
1200,1,GPA:>3,0
1200,2,GPA:>3,0
1200,3,GPA:>3,0
1200,4,GPA:>3,0
1200,5,GPA:>3,0
1200,6,GPA:>3,0
1200,7,GPA:>3,0
1200,8,GPA:>3,0
1200,9,Dropouts,1
1201,1,GPA:>3,0
1201,2,GPA:>3,0
1201,3,GPA:>3,0
1201,4,GPA:>3,0
1201,5,GPA:>3,0
1201,6,GPA:>3,0
1201,7,GPA:>3,0
1201,8,GPA:>3,0
1201,9,Grad,607
1202,1,GPA:>3,0
1202,2,GPA:>3,0
1202,3,GPA:>3,0
1202,4,GPA:>3,0
1202,5,GPA:>3,0
1202,6,GPA:>3,0
1202,7,GPA:>3,0
1202,8,GPA:>3,0
1202,9,Not Enroll,0
1202,10,GPA:>3,0
1202,11,Grad,1
1203,1,GPA:>3,0
1203,2,GPA:>3,0
1203,3,GPA:>3,0
1203,4,GPA:>3,0
1203,5,GPA:>3,0
1203,6,GPA:>3,0
1203,7,GPA:>3,0
1203,8,GPA:>3,0
1203,9,Not Enroll,0
1203,10,Dropouts,1
1204,1,GPA:>3,0
1204,2,GPA:>3,0
1204,3,GPA:>3,0
1204,4,GPA:>3,0
1204,5,GPA:>3,0
1204,6,GPA:>3,0
1204,7,GPA:>3,0
1204,8,GPA:>3,0
1204,9,Not Enroll,0
1204,10,Grad,8
1205,1,GPA:>3,0
1205,2,GPA:>3,0
1205,3,GPA:>3,0
1205,4,GPA:>3,0
1205,5,GPA:>3,0
1205,6,GPA:>3,0
1205,7,GPA:>3,0
1205,8,GPA:>3,0
1205,9,Not Enroll,0
1205,10,Not Enroll,0
1205,11,GPA:>3,0
1205,12,Grad,1
1206,1,GPA:>3,0
1206,2,GPA:>3,0
1206,3,GPA:>3,0
1206,4,GPA:>3,0
1206,5,GPA:>3,0
1206,6,GPA:>3,0
1206,7,GPA:>3,0
1206,8,GPA:>3,0
1206,9,Not Enroll,0
1206,10,Not Enroll,0
1206,11,Grad,2
1207,1,GPA:>3,0
1207,2,GPA:>3,0
1207,3,GPA:>3,0
1207,4,GPA:>3,0
1207,5,GPA:>3,0
1207,6,GPA:>3,0
1207,7,GPA:>3,0
1207,8,GPA:>3,0
1207,9,Not Enroll,0
1207,10,Not Enroll,0
1207,11,Not Enroll,0
1207,12,Still Enro,1
1208,1,GPA:>3,0
1208,2,GPA:>3,0
1208,3,GPA:>3,0
1208,4,GPA:>3,0
1208,5,GPA:>3,0
1208,6,GPA:>3,0
1208,7,GPA:>3,0
1208,8,Dropouts,6
1209,1,GPA:>3,0
1209,2,GPA:>3,0
1209,3,GPA:>3,0
1209,4,GPA:>3,0
1209,5,GPA:>3,0
1209,6,GPA:>3,0
1209,7,GPA:>3,0
1209,8,Grad,1854
1210,1,GPA:>3,0
1210,2,GPA:>3,0
1210,3,GPA:>3,0
1210,4,GPA:>3,0
1210,5,GPA:>3,0
1210,6,GPA:>3,0
1210,7,GPA:>3,0
1210,8,Not Enroll,0
1210,9,GPA:>3,0
1210,10,GPA:>3,0
1210,11,GPA:>3,0
1210,12,Still Enro,1
1211,1,GPA:>3,0
1211,2,GPA:>3,0
1211,3,GPA:>3,0
1211,4,GPA:>3,0
1211,5,GPA:>3,0
1211,6,GPA:>3,0
1211,7,GPA:>3,0
1211,8,Not Enroll,0
1211,9,GPA:>3,0
1211,10,GPA:>3,0
1211,11,Not Enroll,0
1211,12,Still Enro,1
1212,1,GPA:>3,0
1212,2,GPA:>3,0
1212,3,GPA:>3,0
1212,4,GPA:>3,0
1212,5,GPA:>3,0
1212,6,GPA:>3,0
1212,7,GPA:>3,0
1212,8,Not Enroll,0
1212,9,GPA:>3,0
1212,10,Dropouts,2
1213,1,GPA:>3,0
1213,2,GPA:>3,0
1213,3,GPA:>3,0
1213,4,GPA:>3,0
1213,5,GPA:>3,0
1213,6,GPA:>3,0
1213,7,GPA:>3,0
1213,8,Not Enroll,0
1213,9,GPA:>3,0
1213,10,Grad,6
1214,1,GPA:>3,0
1214,2,GPA:>3,0
1214,3,GPA:>3,0
1214,4,GPA:>3,0
1214,5,GPA:>3,0
1214,6,GPA:>3,0
1214,7,GPA:>3,0
1214,8,Not Enroll,0
1214,9,GPA:>3,0
1214,10,Not Enroll,0
1214,11,GPA:>3,0
1214,12,Still Enro,1
1215,1,GPA:>3,0
1215,2,GPA:>3,0
1215,3,GPA:>3,0
1215,4,GPA:>3,0
1215,5,GPA:>3,0
1215,6,GPA:>3,0
1215,7,GPA:>3,0
1215,8,Not Enroll,0
1215,9,Dropouts,1
1216,1,GPA:>3,0
1216,2,GPA:>3,0
1216,3,GPA:>3,0
1216,4,GPA:>3,0
1216,5,GPA:>3,0
1216,6,GPA:>3,0
1216,7,GPA:>3,0
1216,8,Not Enroll,0
1216,9,Grad,17
1217,1,GPA:>3,0
1217,2,GPA:>3,0
1217,3,GPA:>3,0
1217,4,GPA:>3,0
1217,5,GPA:>3,0
1217,6,GPA:>3,0
1217,7,Dropouts,3
1218,1,GPA:>3,0
1218,2,GPA:>3,0
1218,3,GPA:>3,0
1218,4,GPA:>3,0
1218,5,GPA:>3,0
1218,6,GPA:>3,0
1218,7,Grad,214
1219,1,GPA:>3,0
1219,2,GPA:>3,0
1219,3,GPA:>3,0
1219,4,GPA:>3,0
1219,5,GPA:>3,0
1219,6,GPA:>3,0
1219,7,Not Enroll,0
1219,8,GPA:2 to 3,0
1219,9,GPA:2 to 3,0
1219,10,GPA:2 to 3,0
1219,11,Not Enroll,0
1219,12,Still Enro,1
1220,1,GPA:>3,0
1220,2,GPA:>3,0
1220,3,GPA:>3,0
1220,4,GPA:>3,0
1220,5,GPA:>3,0
1220,6,GPA:>3,0
1220,7,Not Enroll,0
1220,8,GPA:>3,0
1220,9,GPA:>3,0
1220,10,GPA:>3,0
1220,11,GPA:>3,0
1220,12,Still Enro,2
1221,1,GPA:>3,0
1221,2,GPA:>3,0
1221,3,GPA:>3,0
1221,4,GPA:>3,0
1221,5,GPA:>3,0
1221,6,GPA:>3,0
1221,7,Not Enroll,0
1221,8,GPA:>3,0
1221,9,GPA:>3,0
1221,10,Grad,2
1222,1,GPA:>3,0
1222,2,GPA:>3,0
1222,3,GPA:>3,0
1222,4,GPA:>3,0
1222,5,GPA:>3,0
1222,6,GPA:>3,0
1222,7,Not Enroll,0
1222,8,GPA:>3,0
1222,9,GPA:>3,0
1222,10,Not Enroll,0
1222,11,GPA:>3,0
1222,12,Grad,1
1223,1,GPA:>3,0
1223,2,GPA:>3,0
1223,3,GPA:>3,0
1223,4,GPA:>3,0
1223,5,GPA:>3,0
1223,6,GPA:>3,0
1223,7,Not Enroll,0
1223,8,GPA:>3,0
1223,9,Grad,4
1224,1,GPA:>3,0
1224,2,GPA:>3,0
1224,3,GPA:>3,0
1224,4,GPA:>3,0
1224,5,GPA:>3,0
1224,6,GPA:>3,0
1224,7,Not Enroll,0
1224,8,GPA:>3,0
1224,9,Not Enroll,0
1224,10,Grad,1
1225,1,GPA:>3,0
1225,2,GPA:>3,0
1225,3,GPA:>3,0
1225,4,GPA:>3,0
1225,5,GPA:>3,0
1225,6,GPA:>3,0
1225,7,Not Enroll,0
1225,8,Grad,3
1226,1,GPA:>3,0
1226,2,GPA:>3,0
1226,3,GPA:>3,0
1226,4,GPA:>3,0
1226,5,GPA:>3,0
1226,6,GPA:>3,0
1226,7,Not Enroll,0
1226,8,Not Enroll,0
1226,9,GPA:>3,0
1226,10,Grad,1
1227,1,GPA:>3,0
1227,2,GPA:>3,0
1227,3,GPA:>3,0
1227,4,GPA:>3,0
1227,5,GPA:>3,0
1227,6,GPA:>3,0
1227,7,Not Enroll,0
1227,8,Not Enroll,0
1227,9,Grad,5
1228,1,GPA:>3,0
1228,2,GPA:>3,0
1228,3,GPA:>3,0
1228,4,GPA:>3,0
1228,5,GPA:>3,0
1228,6,GPA:>3,0
1228,7,Not Enroll,0
1228,8,Not Enroll,0
1228,9,Not Enroll,0
1228,10,GPA:>3,0
1228,11,Grad,1
1229,1,GPA:>3,0
1229,2,GPA:>3,0
1229,3,GPA:>3,0
1229,4,GPA:>3,0
1229,5,GPA:>3,0
1229,6,GPA:>3,0
1229,7,Not Enroll,0
1229,8,Not Enroll,0
1229,9,Not Enroll,0
1229,10,Not Enroll,0
1229,11,Grad,1
1230,1,GPA:>3,0
1230,2,GPA:>3,0
1230,3,GPA:>3,0
1230,4,GPA:>3,0
1230,5,GPA:>3,0
1230,6,Dropouts,13
1231,1,GPA:>3,0
1231,2,GPA:>3,0
1231,3,GPA:>3,0
1231,4,GPA:>3,0
1231,5,GPA:>3,0
1231,6,Grad,59
1232,1,GPA:>3,0
1232,2,GPA:>3,0
1232,3,GPA:>3,0
1232,4,GPA:>3,0
1232,5,GPA:>3,0
1232,6,Not Enroll,0
1232,7,GPA:>3,0
1232,8,GPA:>3,0
1232,9,GPA:>3,0
1232,10,Grad,7
1233,1,GPA:>3,0
1233,2,GPA:>3,0
1233,3,GPA:>3,0
1233,4,GPA:>3,0
1233,5,GPA:>3,0
1233,6,Not Enroll,0
1233,7,GPA:>3,0
1233,8,GPA:>3,0
1233,9,Grad,6
1234,1,GPA:>3,0
1234,2,GPA:>3,0
1234,3,GPA:>3,0
1234,4,GPA:>3,0
1234,5,GPA:>3,0
1234,6,Not Enroll,0
1234,7,GPA:>3,0
1234,8,Grad,19
1235,1,GPA:>3,0
1235,2,GPA:>3,0
1235,3,GPA:>3,0
1235,4,GPA:>3,0
1235,5,GPA:>3,0
1235,6,Not Enroll,0
1235,7,GPA:>3,0
1235,8,Not Enroll,0
1235,9,Grad,1
1236,1,GPA:>3,0
1236,2,GPA:>3,0
1236,3,GPA:>3,0
1236,4,GPA:>3,0
1236,5,GPA:>3,0
1236,6,Not Enroll,0
1236,7,Dropouts,1
1237,1,GPA:>3,0
1237,2,GPA:>3,0
1237,3,GPA:>3,0
1237,4,GPA:>3,0
1237,5,GPA:>3,0
1237,6,Not Enroll,0
1237,7,Grad,5
1238,1,GPA:>3,0
1238,2,GPA:>3,0
1238,3,GPA:>3,0
1238,4,GPA:>3,0
1238,5,Dropouts,6
1239,1,GPA:>3,0
1239,2,GPA:>3,0
1239,3,GPA:>3,0
1239,4,GPA:>3,0
1239,5,Grad,6
1240,1,GPA:>3,0
1240,2,GPA:>3,0
1240,3,GPA:>3,0
1240,4,GPA:>3,0
1240,5,Not Enroll,0
1240,6,GPA:>3,0
1240,7,GPA:>3,0
1240,8,GPA:>3,0
1240,9,GPA:>3,0
1240,10,Grad,1
1241,1,GPA:>3,0
1241,2,GPA:>3,0
1241,3,GPA:>3,0
1241,4,GPA:>3,0
1241,5,Not Enroll,0
1241,6,GPA:>3,0
1241,7,GPA:>3,0
1241,8,GPA:>3,0
1241,9,Grad,2
1242,1,GPA:>3,0
1242,2,GPA:>3,0
1242,3,GPA:>3,0
1242,4,GPA:>3,0
1242,5,Not Enroll,0
1242,6,GPA:>3,0
1242,7,GPA:>3,0
1242,8,Grad,1
1243,1,GPA:>3,0
1243,2,GPA:>3,0
1243,3,GPA:>3,0
1243,4,GPA:>3,0
1243,5,Not Enroll,0
1243,6,GPA:>3,0
1243,7,Grad,1
1244,1,GPA:>3,0
1244,2,GPA:>3,0
1244,3,GPA:>3,0
1244,4,GPA:>3,0
1244,5,Not Enroll,0
1244,6,Dropouts,1
1245,1,GPA:>3,0
1245,2,GPA:>3,0
1245,3,GPA:>3,0
1245,4,GPA:>3,0
1245,5,Not Enroll,0
1245,6,Not Enroll,0
1245,7,GPA:>3,0
1245,8,GPA:>3,0
1245,9,Grad,1
1246,1,GPA:>3,0
1246,2,GPA:>3,0
1246,3,GPA:>3,0
1246,4,GPA:>3,0
1246,5,Not Enroll,0
1246,6,Not Enroll,0
1246,7,GPA:>3,0
1246,8,Grad,2
1247,1,GPA:>3,0
1247,2,GPA:>3,0
1247,3,GPA:>3,0
1247,4,GPA:>3,0
1247,5,Not Enroll,0
1247,6,Not Enroll,0
1247,7,Grad,1
1248,1,GPA:>3,0
1248,2,GPA:>3,0
1248,3,GPA:>3,0
1248,4,GPA:>3,0
1248,5,Not Enroll,0
1248,6,Not Enroll,0
1248,7,Not Enroll,0
1248,8,Not Enroll,0
1248,9,GPA:>3,0
1248,10,GPA:>3,0
1248,11,Grad,1
1249,1,GPA:>3,0
1249,2,GPA:>3,0
1249,3,GPA:>3,0
1249,4,Dropouts,68
1250,1,GPA:>3,0
1250,2,GPA:>3,0
1250,3,GPA:>3,0
1250,4,Not Enroll,0
1250,5,GPA:>3,0
1250,6,GPA:>3,0
1250,7,GPA:>3,0
1250,8,GPA:>3,0
1250,9,GPA:2 to 3,0
1250,10,Not Enroll,0
1250,11,Grad,1
1251,1,GPA:>3,0
1251,2,GPA:>3,0
1251,3,GPA:>3,0
1251,4,Not Enroll,0
1251,5,GPA:>3,0
1251,6,GPA:>3,0
1251,7,GPA:>3,0
1251,8,GPA:>3,0
1251,9,GPA:>3,0
1251,10,GPA:>3,0
1251,11,Grad,1
1252,1,GPA:>3,0
1252,2,GPA:>3,0
1252,3,GPA:>3,0
1252,4,Not Enroll,0
1252,5,GPA:>3,0
1252,6,GPA:>3,0
1252,7,GPA:>3,0
1252,8,GPA:>3,0
1252,9,Grad,1
1253,1,GPA:>3,0
1253,2,GPA:>3,0
1253,3,GPA:>3,0
1253,4,Not Enroll,0
1253,5,GPA:>3,0
1253,6,GPA:>3,0
1253,7,GPA:>3,0
1253,8,Grad,1
1254,1,GPA:>3,0
1254,2,GPA:>3,0
1254,3,GPA:>3,0
1254,4,Not Enroll,0
1254,5,GPA:>3,0
1254,6,Dropouts,1
1255,1,GPA:>3,0
1255,2,GPA:>3,0
1255,3,GPA:>3,0
1255,4,Not Enroll,0
1255,5,Dropouts,1
1256,1,GPA:>3,0
1256,2,GPA:>3,0
1256,3,Dropouts,28
1257,1,GPA:>3,0
1257,2,GPA:>3,0
1257,3,Not Enroll,0
1257,4,GPA:2 to 3,0
1257,5,GPA:>3,0
1257,6,GPA:>3,0
1257,7,GPA:2 to 3,0
1257,8,Grad,1
1258,1,GPA:>3,0
1258,2,GPA:>3,0
1258,3,Not Enroll,0
1258,4,GPA:>3,0
1258,5,GPA:>3,0
1258,6,GPA:>3,0
1258,7,GPA:>3,0
1258,8,GPA:>3,0
1258,9,Grad,1
1259,1,GPA:>3,0
1259,2,GPA:>3,0
1259,3,Not Enroll,0
1259,4,GPA:>3,0
1259,5,GPA:>3,0
1259,6,GPA:>3,0
1259,7,GPA:>3,0
1259,8,Grad,3
1260,1,GPA:>3,0
1260,2,GPA:>3,0
1260,3,Not Enroll,0
1260,4,Not Enroll,0
1260,5,GPA:>3,0
1260,6,GPA:2 to 3,0
1260,7,GPA:2 to 3,0
1260,8,GPA:2 to 3,0
1260,9,Grad,1
1261,1,GPA:>3,0
1261,2,GPA:>3,0
1261,3,Not Enroll,0
1261,4,Not Enroll,0
1261,5,GPA:>3,0
1261,6,GPA:2 to 3,0
1261,7,GPA:>3,0
1261,8,GPA:>3,0
1261,9,GPA:>3,0
1261,10,GPA:>3,0
1261,11,Grad,1
1262,1,GPA:>3,0
1262,2,GPA:>3,0
1262,3,Not Enroll,0
1262,4,Not Enroll,0
1262,5,GPA:>3,0
1262,6,GPA:>3,0
1262,7,GPA:>3,0
1262,8,GPA:>3,0
1262,9,GPA:>3,0
1262,10,Grad,4
1263,1,GPA:>3,0
1263,2,GPA:>3,0
1263,3,Not Enroll,0
1263,4,Not Enroll,0
1263,5,GPA:>3,0
1263,6,GPA:>3,0
1263,7,GPA:>3,0
1263,8,GPA:>3,0
1263,9,Grad,1
1264,1,GPA:>3,0
1264,2,Dropouts,124
1265,1,GPA:>3,0
1265,2,Not Enroll,0
1265,3,GPA:2 to 3,0
1265,4,GPA:2 to 3,0
1265,5,GPA:>3,0
1265,6,GPA:>3,0
1265,7,Grad,1
1266,1,GPA:>3,0
1266,2,Not Enroll,0
1266,3,GPA:<2,0
1266,4,Dropouts,1
1267,1,GPA:>3,0
1267,2,Not Enroll,0
1267,3,GPA:>3,0
1267,4,GPA:>3,0
1267,5,GPA:>3,0
1267,6,GPA:>3,0
1267,7,GPA:>3,0
1267,8,Grad,2
1268,1,GPA:>3,0
1268,2,Not Enroll,0
1268,3,GPA:>3,0
1268,4,GPA:>3,0
1268,5,GPA:>3,0
1268,6,GPA:>3,0
1268,7,Grad,1
1269,1,GPA:>3,0
1269,2,Not Enroll,0
1269,3,GPA:>3,0
1269,4,GPA:>3,0
1269,5,Dropouts,1
1270,1,GPA:>3,0
1270,2,Not Enroll,0
1270,3,Not Enroll,0
1270,4,Not Enroll,0
1270,5,GPA:>3,0
1270,6,GPA:>3,0
1270,7,GPA:>3,0
1270,8,GPA:>3,0
1270,9,Grad,1
1271,1,GPA:>3,0
1271,2,Not Enroll,0
1271,3,Not Enroll,0
1271,4,Not Enroll,0
1271,5,GPA:>3,0
1271,6,GPA:>3,0
1271,7,GPA:>3,0
1271,8,Grad,1
1272,1,GPA:>3,0
1272,2,Not Enroll,0
1272,3,Not Enroll,0
1272,4,Not Enroll,0
1272,5,Not Enroll,0
1272,6,Not Enroll,0
1272,7,GPA:2 to 3,0
1272,8,GPA:>3,0
1272,9,GPA:>3,0
1272,10,Dropouts,1
1273,1,GPA:>3,0
1273,2,Not Enroll,0
1273,3,Not Enroll,0
1273,4,Not Enroll,0
1273,5,Not Enroll,0
1273,6,Not Enroll,0
1273,7,GPA:>3,0
1273,8,GPA:2 to 3,0
1273,9,GPA:2 to 3,0
1273,10,GPA:2 to 3,0
1273,11,Grad,1
1274,1,GPA:>3,0
1274,2,Not Enroll,0
1274,3,Not Enroll,0
1274,4,Not Enroll,0
1274,5,Not Enroll,0
1274,6,Not Enroll,0
1274,7,GPA:>3,0
1274,8,GPA:>3,0
1274,9,GPA:>3,0
1274,10,GPA:>3,0
1274,11,GPA:>3,0
1274,12,Grad,1
1275,1,GPA:>3,0
1275,2,Not Enroll,0
1275,3,Not Enroll,0
1275,4,Not Enroll,0
1275,5,Not Enroll,0
1275,6,Not Enroll,0
1275,7,GPA:>3,0
1275,8,GPA:>3,0
1275,9,GPA:>3,0
1275,10,Grad,1
1276,1,Dropouts,51
